"Date","Price","Open","High","Low","Vol.","Change %"
"06-11-2024","14,817.25","14,099.95","14,945.00","14,000.00","64.00K","5.94%"
"05-11-2024","13,986.30","13,969.40","14,300.00","13,761.45","34.62K","0.12%"
"04-11-2024","13,969.40","13,921.05","14,289.90","13,590.20","38.39K","0.33%"
"01-11-2024","13,923.75","13,800.00","14,040.45","13,800.00","4.70K","0.76%"
"31-10-2024","13,819.00","13,602.40","13,945.00","13,418.80","36.83K","0.90%"
"30-10-2024","13,695.85","14,500.00","14,660.60","13,125.00","133.60K","-3.91%"
"29-10-2024","14,253.55","13,494.00","14,450.00","13,241.35","66.68K","4.73%"
"28-10-2024","13,609.70","13,300.00","13,906.00","13,230.05","28.94K","2.26%"
"25-10-2024","13,309.45","13,800.00","13,979.95","13,024.70","53.11K","-3.33%"
"24-10-2024","13,767.25","13,814.95","14,019.95","13,523.20","25.94K","0.17%"
"23-10-2024","13,744.10","13,880.60","14,312.30","13,596.60","47.37K","-0.98%"
"22-10-2024","13,880.55","14,901.00","14,901.00","13,762.50","50.95K","-7.04%"
"21-10-2024","14,931.45","15,699.00","15,799.85","14,800.00","20.40K","-3.86%"
"18-10-2024","15,531.55","15,751.00","15,751.00","15,220.25","70.62K","-1.72%"
"17-10-2024","15,802.65","15,980.00","16,060.00","15,561.30","26.41K","-1.68%"
"16-10-2024","16,072.40","16,180.50","16,300.00","15,953.70","36.36K","-0.29%"
"15-10-2024","16,118.45","15,967.50","16,280.00","15,802.35","60.01K","1.23%"
"14-10-2024","15,921.85","15,899.20","16,400.00","15,702.15","58.43K","0.14%"
"11-10-2024","15,899.20","15,748.15","16,549.95","15,557.45","121.44K","-0.38%"
"10-10-2024","15,960.15","15,100.00","16,380.00","14,760.40","269.29K","10.22%"
"09-10-2024","14,480.80","14,150.00","15,167.95","14,095.00","114.26K","3.03%"
"08-10-2024","14,055.25","13,639.95","14,187.95","13,324.50","30.99K","3.02%"
"07-10-2024","13,643.25","14,015.50","14,525.00","13,500.10","40.49K","-2.66%"
"04-10-2024","14,015.50","14,056.40","14,671.20","13,752.05","44.53K","-0.29%"
"03-10-2024","14,056.45","14,238.95","14,238.95","13,935.00","24.67K","-1.56%"
"01-10-2024","14,278.90","14,600.00","14,849.95","14,155.50","41.97K","-1.83%"
"30-09-2024","14,545.30","13,690.00","14,839.85","13,435.15","75.34K","6.58%"
"27-09-2024","13,647.70","13,587.45","14,231.20","13,328.25","74.54K","0.97%"
"26-09-2024","13,516.00","13,188.00","13,638.00","13,081.30","50.75K","1.27%"
"25-09-2024","13,346.70","12,800.00","13,555.55","12,787.60","68.95K","4.28%"
"24-09-2024","12,799.15","12,766.05","12,900.00","12,619.00","19.23K","0.60%"
"23-09-2024","12,722.85","12,779.00","13,040.00","12,656.00","20.94K","-0.63%"
"20-09-2024","12,803.60","12,694.80","13,100.25","12,456.05","149.02K","0.86%"
"19-09-2024","12,694.85","12,818.05","12,990.95","12,535.05","24.30K","-1.80%"
"18-09-2024","12,927.20","13,139.40","13,275.00","12,815.15","18.33K","-1.61%"
"17-09-2024","13,139.40","13,188.35","13,533.15","12,800.00","44.04K","-0.37%"
"16-09-2024","13,188.35","12,830.00","13,250.00","12,654.90","44.84K","2.85%"
"13-09-2024","12,822.85","12,700.70","12,900.00","12,410.00","39.07K","4.18%"
"12-09-2024","12,308.35","12,196.30","12,350.00","12,000.00","25.69K","1.17%"
"11-09-2024","12,165.70","11,903.05","12,250.00","11,803.05","41.25K","2.21%"
"10-09-2024","11,903.00","11,333.00","11,998.45","11,333.00","38.56K","4.08%"
"09-09-2024","11,436.90","11,517.80","11,597.55","11,210.00","44.30K","-1.60%"
"06-09-2024","11,623.45","11,827.10","11,827.10","11,505.20","28.26K","-1.20%"
"05-09-2024","11,765.20","11,740.00","11,840.15","11,582.00","40.07K","0.17%"
"04-09-2024","11,745.70","11,600.00","11,795.95","11,403.10","32.03K","0.86%"
"03-09-2024","11,645.90","11,874.00","11,970.65","11,501.65","20.06K","-1.97%"
"02-09-2024","11,879.70","12,120.00","12,158.70","11,675.00","31.78K","-1.78%"
"30-08-2024","12,095.05","11,770.00","12,211.65","11,640.00","40.20K","2.76%"
"29-08-2024","11,770.00","12,203.00","12,258.05","11,740.00","23.37K","-3.48%"
"28-08-2024","12,194.05","12,125.55","12,346.75","12,025.80","27.73K","0.15%"
"27-08-2024","12,176.15","12,055.80","12,227.95","11,986.80","15.54K","1.20%"
"26-08-2024","12,031.25","12,288.00","12,296.00","11,950.05","21.56K","-1.40%"
"23-08-2024","12,202.20","12,049.95","12,241.65","11,860.00","21.63K","1.26%"
"22-08-2024","12,049.95","12,395.95","12,395.95","11,976.00","39.03K","-2.93%"
"21-08-2024","12,414.25","12,486.50","12,518.20","12,141.10","25.60K","0.07%"
"20-08-2024","12,405.90","12,300.00","12,514.75","11,950.00","48.57K","0.48%"
"19-08-2024","12,346.20","12,099.00","12,425.00","11,883.15","45.78K","4.37%"
"16-08-2024","11,828.70","11,150.00","11,860.00","11,145.00","35.71K","6.37%"
"14-08-2024","11,120.65","11,369.40","11,474.95","11,010.00","14.31K","-2.23%"
"13-08-2024","11,374.80","11,575.40","11,780.00","11,250.00","30.75K","-1.22%"
"12-08-2024","11,514.80","11,010.80","11,611.85","10,804.95","45.20K","4.58%"
"09-08-2024","11,010.80","11,339.95","11,339.95","10,900.00","30.22K","0.10%"
"08-08-2024","11,000.20","10,970.00","11,250.00","10,807.05","43.35K","0.55%"
"07-08-2024","10,940.30","11,180.95","11,387.95","10,830.00","42.40K","0.27%"
"06-08-2024","10,910.95","11,589.25","11,980.00","10,805.40","71.67K","-5.85%"
"05-08-2024","11,589.25","11,642.10","11,986.15","11,381.00","59.47K","-3.74%"
"02-08-2024","12,039.55","12,392.10","12,673.70","11,988.25","56.05K","-2.85%"
"01-08-2024","12,392.15","11,751.70","12,540.90","11,707.60","98.63K","6.76%"
"31-07-2024","11,607.10","11,777.05","11,934.85","11,510.20","29.79K","-2.23%"
"30-07-2024","11,872.30","11,982.10","12,049.90","11,740.50","44.81K","-0.22%"
"29-07-2024","11,898.05","11,668.80","11,939.95","11,511.40","68.22K","3.03%"
"26-07-2024","11,547.60","11,770.00","11,799.95","11,340.90","79.75K","-1.73%"
"25-07-2024","11,750.30","11,988.00","12,300.00","11,525.00","84.68K","-2.33%"
"24-07-2024","12,030.30","11,454.05","12,202.80","11,410.10","74.36K","5.56%"
"23-07-2024","11,396.80","11,408.05","11,549.90","10,915.85","54.78K","1.14%"
"22-07-2024","11,268.35","11,160.00","11,620.10","10,980.40","44.19K","0.70%"
"19-07-2024","11,190.35","11,931.85","12,145.05","11,077.55","86.57K","-5.40%"
"18-07-2024","11,828.55","12,250.00","12,400.00","11,699.60","61.55K","-1.88%"
"16-07-2024","12,055.50","12,201.05","12,650.00","11,980.00","74.13K","-0.04%"
"15-07-2024","12,060.15","12,251.00","12,321.05","11,708.30","76.03K","-2.44%"
"12-07-2024","12,362.20","12,860.00","12,990.00","12,150.00","48.04K","-2.51%"
"11-07-2024","12,680.90","12,857.50","13,369.10","12,600.00","48.55K","-1.37%"
"10-07-2024","12,857.50","13,524.95","13,684.65","12,767.25","76.25K","-4.68%"
"09-07-2024","13,488.95","13,756.20","13,960.00","13,401.00","41.87K","-1.94%"
"08-07-2024","13,756.15","13,900.00","14,123.90","13,700.00","40.34K","-1.88%"
"05-07-2024","14,019.55","13,700.00","14,108.35","13,500.00","68.53K","1.96%"
"04-07-2024","13,750.25","14,143.95","14,187.80","13,651.00","80.96K","-1.50%"
"03-07-2024","13,959.50","13,489.95","14,382.00","13,405.20","177.66K","4.23%"
"02-07-2024","13,393.45","13,100.00","13,700.00","13,050.00","68.64K","2.93%"
"01-07-2024","13,012.15","13,029.90","13,542.40","12,776.60","98.90K","0.78%"
"28-06-2024","12,911.60","12,588.00","13,249.95","12,204.05","64.55K","2.63%"
"27-06-2024","12,581.05","12,694.00","12,925.25","12,480.00","67.43K","-0.40%"
"26-06-2024","12,630.95","11,525.40","13,058.75","11,493.00","158.60K","10.65%"
"25-06-2024","11,414.90","11,686.65","12,218.75","11,300.00","122.03K","-1.64%"
"24-06-2024","11,605.35","11,132.10","11,849.00","11,047.20","104.18K","4.47%"
"21-06-2024","11,109.15","11,110.50","11,225.05","10,927.25","53.74K","1.24%"
"20-06-2024","10,973.25","11,417.65","11,535.90","10,900.00","39.32K","-3.54%"
"19-06-2024","11,375.75","11,446.25","11,600.00","11,053.10","83.33K","0.21%"
"18-06-2024","11,351.50","11,200.00","11,587.00","11,190.00","75.41K","2.36%"
"14-06-2024","11,089.90","10,830.85","11,190.00","10,830.85","102.92K","2.39%"
"13-06-2024","10,830.85","10,800.00","11,185.80","10,569.45","79.91K","3.26%"
"12-06-2024","10,489.30","10,374.15","10,750.00","10,374.15","69.98K","1.17%"
"11-06-2024","10,368.00","10,576.25","10,576.25","10,300.00","35.73K","-1.05%"
"10-06-2024","10,477.70","10,488.60","10,841.90","10,408.20","68.90K","-0.10%"
"07-06-2024","10,488.60","10,470.00","10,680.00","10,356.45","49.87K","0.39%"
"06-06-2024","10,447.65","10,467.10","10,493.25","10,250.00","47.31K","2.04%"
"05-06-2024","10,238.85","10,046.80","10,343.65","9,127.75","130.73K","4.47%"
"04-06-2024","9,800.35","10,915.00","11,198.00","9,090.00","130.39K","-11.72%"
"03-06-2024","11,101.95","11,450.00","11,450.00","10,840.25","83.60K","3.11%"
"31-05-2024","10,767.15","10,733.00","10,923.90","10,644.15","133.81K","1.06%"
"30-05-2024","10,654.20","10,791.95","10,882.55","10,462.30","53.33K","-0.65%"
"29-05-2024","10,723.70","10,436.65","10,948.95","10,321.15","92.44K","2.75%"
"28-05-2024","10,436.65","10,845.85","10,846.25","10,180.00","79.28K","-3.28%"
"27-05-2024","10,790.85","11,100.00","11,280.85","10,755.00","70.01K","-2.38%"
"24-05-2024","11,054.25","11,200.00","11,200.00","10,836.00","75.73K","-0.28%"
"23-05-2024","11,085.45","10,552.50","11,200.00","10,361.30","193.36K","7.27%"
"22-05-2024","10,334.60","11,500.00","11,700.00","10,180.00","312.42K","-4.59%"
"21-05-2024","10,832.10","11,398.25","11,403.85","10,688.00","94.44K","-4.80%"
"18-05-2024","11,378.45","11,378.45","11,378.45","11,378.45","","2.66%"
"17-05-2024","11,083.70","11,387.25","11,636.80","10,839.45","347.24K","-1.38%"
"16-05-2024","11,238.60","10,800.00","12,379.60","10,706.55","1.03M","4.59%"
"15-05-2024","10,745.65","9,785.00","10,849.95","9,710.45","498.20K","9.80%"
"14-05-2024","9,786.60","9,500.00","9,849.00","9,355.30","150.36K","3.66%"
"13-05-2024","9,440.95","8,761.40","9,549.15","8,761.40","235.70K","7.76%"
"10-05-2024","8,761.40","9,063.15","9,100.00","8,713.45","60.45K","-2.15%"
"09-05-2024","8,953.55","9,072.10","9,233.00","8,901.90","98.95K","0.36%"
"08-05-2024","8,921.65","8,879.05","9,439.40","8,820.20","236.58K","0.37%"
"07-05-2024","8,889.10","9,313.25","9,313.25","8,750.75","149.07K","-3.75%"
"06-05-2024","9,235.25","9,729.90","9,762.95","9,156.35","80.86K","-5.09%"
"03-05-2024","9,730.60","9,750.00","9,889.25","9,571.05","111.67K","-0.54%"
"02-05-2024","9,783.85","9,575.00","9,989.85","9,460.00","280.89K","2.14%"
"30-04-2024","9,578.75","8,762.65","9,890.00","8,695.95","396.62K","10.53%"
"29-04-2024","8,666.00","9,115.00","9,115.00","8,601.05","85.56K","-2.81%"
"26-04-2024","8,916.25","9,340.00","9,637.85","8,801.05","184.59K","-4.43%"
"25-04-2024","9,329.50","8,208.90","9,821.95","8,035.70","527.46K","13.60%"
"24-04-2024","8,212.75","8,199.00","8,363.95","8,110.10","37.52K","1.72%"
"23-04-2024","8,073.50","8,129.00","8,129.00","7,959.95","43.87K","-0.71%"
"22-04-2024","8,131.40","8,284.95","8,324.65","8,081.00","42.02K","-1.43%"
"19-04-2024","8,249.60","8,280.05","8,500.00","8,030.00","182.61K","-0.47%"
"18-04-2024","8,288.55","7,624.70","8,400.00","7,624.70","224.90K","9.61%"
"16-04-2024","7,562.15","7,199.00","7,629.50","7,198.95","59.92K","5.05%"
"15-04-2024","7,198.95","7,234.60","7,380.00","7,080.05","29.44K","-1.97%"
"12-04-2024","7,343.85","7,514.80","7,583.50","7,291.15","44.03K","-1.99%"
"10-04-2024","7,493.10","7,785.15","7,845.30","7,470.05","51.56K","-3.16%"
"09-04-2024","7,737.45","7,550.05","7,879.45","7,550.05","122.27K","2.61%"
"08-04-2024","7,540.65","7,145.10","7,581.00","7,145.10","84.08K","5.86%"
"05-04-2024","7,123.25","6,861.20","7,222.15","6,814.40","59.15K","3.58%"
"04-04-2024","6,876.85","6,915.05","7,040.05","6,851.70","20.19K","-0.70%"
"03-04-2024","6,925.35","6,867.95","6,953.00","6,825.65","17.58K","0.94%"
"02-04-2024","6,860.85","7,079.60","7,130.00","6,842.00","23.81K","-2.32%"
"01-04-2024","7,023.95","7,033.25","7,249.95","6,954.50","34.32K","0.75%"
"28-03-2024","6,971.70","7,032.90","7,148.00","6,938.95","24.22K","-0.47%"
"27-03-2024","7,004.30","6,985.00","7,077.10","6,885.35","36.57K","0.27%"
"26-03-2024","6,985.35","6,952.00","7,183.60","6,951.00","44.07K","-2.69%"
"22-03-2024","7,178.75","7,240.00","7,376.50","7,094.90","71.74K","-0.87%"
"21-03-2024","7,242.00","6,680.00","7,450.00","6,680.00","159.93K","8.71%"
"20-03-2024","6,661.95","6,546.90","6,749.95","6,328.00","31.35K","2.47%"
"19-03-2024","6,501.05","6,516.30","6,635.35","6,480.05","17.22K","-0.04%"
"18-03-2024","6,503.45","6,698.00","6,698.00","6,440.00","27.80K","-1.97%"
"15-03-2024","6,634.35","6,750.00","6,875.00","6,500.00","40.09K","-1.25%"
"14-03-2024","6,718.10","6,335.85","6,790.00","6,300.00","58.35K","5.45%"
"13-03-2024","6,370.95","6,500.00","6,549.70","6,271.10","41.32K","-1.52%"
"12-03-2024","6,469.10","6,582.25","6,637.80","6,363.75","30.45K","-0.81%"
"11-03-2024","6,521.60","6,620.00","6,800.00","6,481.50","65.10K","-0.42%"
"07-03-2024","6,548.80","6,299.05","6,596.00","6,299.05","34.92K","4.11%"
"06-03-2024","6,290.50","6,365.00","6,457.30","6,113.45","38.61K","-0.58%"
"05-03-2024","6,327.30","6,132.40","6,412.85","6,116.10","242.73K","3.69%"
"04-03-2024","6,101.90","6,134.30","6,243.75","6,048.05","71.92K","-0.39%"
"02-03-2024","6,125.70","6,119.00","6,173.00","6,012.90","1.07K","0.74%"
"01-03-2024","6,080.55","6,046.55","6,116.00","6,005.05","26.23K","1.27%"
"29-02-2024","6,004.20","5,949.90","6,050.00","5,853.50","17.65K","1.53%"
"28-02-2024","5,913.90","5,871.60","5,951.70","5,810.10","22.13K","0.99%"
"27-02-2024","5,856.20","5,904.45","6,040.00","5,815.60","21.53K","-0.43%"
"26-02-2024","5,881.20","5,925.00","5,950.00","5,841.50","11.82K","-0.26%"
"23-02-2024","5,896.65","5,844.95","5,990.00","5,805.00","47.48K","1.33%"
"22-02-2024","5,819.40","5,888.00","5,897.95","5,737.95","43.02K","-0.64%"
"21-02-2024","5,857.15","6,135.50","6,270.00","5,812.00","33.34K","-4.03%"
"20-02-2024","6,103.35","6,230.20","6,298.00","6,061.50","11.82K","-1.77%"
"19-02-2024","6,213.60","5,979.45","6,250.00","5,976.45","41.75K","3.89%"
"16-02-2024","5,980.85","5,872.15","6,070.00","5,872.15","28.88K","2.03%"
"15-02-2024","5,861.80","5,904.50","6,019.95","5,825.35","31.36K","-0.23%"
"14-02-2024","5,875.15","5,952.65","5,995.95","5,850.00","34.32K","-1.29%"
"13-02-2024","5,952.00","6,027.00","6,027.00","5,850.80","53.17K","-0.94%"
"12-02-2024","6,008.40","6,198.00","6,298.00","5,970.05","45.08K","-2.94%"
"09-02-2024","6,190.60","6,287.90","6,298.00","6,034.50","54.05K","-0.95%"
"08-02-2024","6,249.90","6,288.00","6,418.00","6,211.35","21.72K","-0.05%"
"07-02-2024","6,252.80","6,200.50","6,379.95","6,192.10","26.84K","1.71%"
"06-02-2024","6,147.50","6,225.00","6,520.00","6,080.00","83.84K","-0.70%"
"05-02-2024","6,190.65","5,772.00","6,275.00","5,715.40","71.92K","7.74%"
"02-02-2024","5,745.95","5,788.00","5,840.70","5,665.00","14.88K","0.73%"
"01-02-2024","5,704.45","5,970.00","5,970.05","5,679.95","25.16K","-3.80%"
"31-01-2024","5,929.85","5,614.50","5,946.00","5,614.50","33.89K","5.62%"
"30-01-2024","5,614.45","5,832.95","5,850.00","5,590.00","21.55K","-2.88%"
"29-01-2024","5,781.15","6,000.10","6,035.00","5,760.00","13.02K","-1.84%"
"25-01-2024","5,889.50","5,673.05","6,042.70","5,673.05","45.83K","3.81%"
"24-01-2024","5,673.30","5,686.50","5,699.00","5,465.55","143.11K","-2.23%"
"23-01-2024","5,802.55","6,094.15","6,138.35","5,780.00","32.35K","-4.07%"
"20-01-2024","6,049.00","6,163.60","6,193.00","6,015.50","8.08K","-1.35%"
"19-01-2024","6,131.55","5,961.00","6,280.00","5,961.00","37.46K","3.24%"
"18-01-2024","5,939.35","5,863.00","6,015.50","5,790.05","23.55K","1.18%"
"17-01-2024","5,870.20","5,887.60","6,025.00","5,815.00","58.23K","-0.80%"
"16-01-2024","5,917.60","5,900.00","6,024.30","5,881.00","63.16K","0.29%"
"15-01-2024","5,900.65","5,937.90","5,994.75","5,850.00","47.59K","-0.26%"
"12-01-2024","5,915.75","5,998.00","6,048.95","5,852.00","74.28K","-1.02%"
"11-01-2024","5,976.75","5,920.00","6,205.05","5,907.05","63.11K","0.58%"
"10-01-2024","5,942.30","5,700.00","5,989.00","5,637.30","70.64K","4.56%"
"09-01-2024","5,683.15","5,656.85","5,796.95","5,656.00","46.47K","1.04%"
"08-01-2024","5,624.90","5,624.80","5,690.00","5,508.85","23.97K","0.49%"
"05-01-2024","5,597.25","5,611.00","5,747.20","5,557.95","29.51K","-0.60%"
"04-01-2024","5,630.80","5,463.85","5,680.00","5,388.60","35.57K","3.55%"
"03-01-2024","5,438.00","5,453.10","5,537.15","5,404.00","40.56K","0.20%"
"02-01-2024","5,427.30","5,440.05","5,545.05","5,348.65","23.37K","-0.55%"
"01-01-2024","5,457.30","5,294.60","5,489.00","5,274.45","29.03K","3.67%"
"29-12-2023","5,264.35","5,300.00","5,379.95","5,241.50","44.43K","0.22%"
"28-12-2023","5,252.65","5,249.00","5,341.15","5,201.50","30.14K","-0.04%"
"27-12-2023","5,254.80","5,177.95","5,322.00","5,166.00","29.11K","1.86%"
"26-12-2023","5,158.90","5,131.10","5,279.95","5,125.15","31.80K","0.54%"
"22-12-2023","5,131.10","5,059.90","5,155.00","5,020.00","22.42K","1.60%"
"21-12-2023","5,050.25","4,994.00","5,116.80","4,950.05","18.21K","0.32%"
"20-12-2023","5,034.10","5,190.00","5,196.95","4,980.00","34.56K","-0.59%"
"19-12-2023","5,064.15","5,212.50","5,263.40","5,056.15","32.88K","-2.85%"
"18-12-2023","5,212.50","5,088.00","5,250.00","5,073.45","41.37K","2.66%"
"15-12-2023","5,077.45","5,100.00","5,159.95","5,001.00","31.11K","-0.32%"
"14-12-2023","5,093.65","5,064.00","5,129.95","5,020.05","29.58K","0.59%"
"13-12-2023","5,063.85","4,899.90","5,132.85","4,865.10","112.34K","4.15%"
"12-12-2023","4,862.10","4,879.10","4,908.90","4,830.20","36.94K","-0.02%"
"11-12-2023","4,862.95","4,850.00","4,889.25","4,787.55","27.79K","0.48%"
"08-12-2023","4,839.70","4,881.70","4,909.95","4,816.50","24.77K","-0.34%"
"07-12-2023","4,856.15","4,815.00","4,890.00","4,780.95","73.32K","0.85%"
"06-12-2023","4,815.20","4,817.00","4,860.00","4,745.00","75.02K","0.93%"
"05-12-2023","4,770.70","4,836.00","4,958.85","4,713.20","59.19K","-0.85%"
"04-12-2023","4,811.55","4,765.00","4,895.00","4,751.00","54.41K","1.66%"
"01-12-2023","4,732.80","4,700.00","4,827.25","4,700.00","112.08K","1.29%"
"30-11-2023","4,672.35","4,764.70","4,764.70","4,651.00","34.98K","-1.11%"
"29-11-2023","4,724.70","4,750.00","4,792.20","4,701.05","22.90K","-0.38%"
"28-11-2023","4,742.85","4,831.15","4,948.00","4,689.95","58.30K","-1.83%"
"24-11-2023","4,831.15","4,832.15","4,920.50","4,773.00","45.39K","-0.02%"
"23-11-2023","4,832.15","4,725.00","4,944.00","4,703.65","103.33K","2.84%"
"22-11-2023","4,698.55","4,670.00","4,835.65","4,569.90","98.11K","1.61%"
"21-11-2023","4,624.20","4,651.00","4,750.00","4,600.00","47.33K","-0.20%"
"20-11-2023","4,633.25","4,600.00","4,749.00","4,565.00","26.18K","0.83%"
"17-11-2023","4,595.10","4,581.25","4,680.00","4,549.15","43.87K","0.40%"
"16-11-2023","4,577.00","4,396.90","4,675.00","4,395.05","58.45K","4.64%"
"15-11-2023","4,373.85","4,396.00","4,420.00","4,299.75","16.85K","0.24%"
"13-11-2023","4,363.40","4,417.85","4,481.20","4,340.00","40.24K","-1.21%"
"12-11-2023","4,416.75","4,404.00","4,443.50","4,404.00","2.51K","1.00%"
"10-11-2023","4,372.85","4,478.35","4,500.70","4,329.45","17.93K","-2.36%"
"09-11-2023","4,478.35","4,595.90","4,595.90","4,459.90","11.82K","-2.05%"
"08-11-2023","4,571.85","4,554.40","4,670.95","4,515.10","25.03K","0.02%"
"07-11-2023","4,570.75","4,499.95","4,594.60","4,313.00","89.12K","3.77%"
"06-11-2023","4,404.85","4,470.00","4,499.65","4,385.00","12.03K","-1.43%"
"03-11-2023","4,468.60","4,445.00","4,529.00","4,378.05","18.94K","-0.06%"
"02-11-2023","4,471.25","4,184.25","4,520.00","4,116.40","87.85K","7.63%"
"01-11-2023","4,154.15","4,173.20","4,205.15","4,120.15","13.58K","0.27%"
"31-10-2023","4,143.10","4,171.05","4,221.05","4,130.00","12.50K","-0.67%"
"30-10-2023","4,171.05","4,259.95","4,264.00","4,151.85","10.86K","-1.89%"
"27-10-2023","4,251.45","4,176.10","4,320.00","4,175.35","15.22K","2.31%"
"26-10-2023","4,155.35","4,282.05","4,294.60","4,030.45","36.96K","-2.96%"
"25-10-2023","4,282.05","4,313.00","4,346.05","4,190.10","25.25K","-0.75%"
"23-10-2023","4,314.35","4,558.00","4,564.30","4,280.00","65.61K","-5.22%"
"20-10-2023","4,551.85","4,632.00","4,632.00","4,523.60","15.37K","-1.74%"
"19-10-2023","4,632.40","4,570.00","4,660.90","4,545.05","21.26K","1.12%"
"18-10-2023","4,581.25","4,560.00","4,650.00","4,508.40","27.45K","0.14%"
"17-10-2023","4,574.70","4,540.00","4,615.00","4,500.05","17.66K","0.54%"
"16-10-2023","4,549.95","4,451.00","4,577.00","4,423.85","26.66K","2.23%"
"13-10-2023","4,450.50","4,300.00","4,481.00","4,289.95","96.76K","3.09%"
"12-10-2023","4,317.10","4,137.90","4,343.00","4,115.00","46.12K","4.85%"
"11-10-2023","4,117.35","4,030.20","4,131.00","4,025.00","15.31K","2.67%"
"10-10-2023","4,010.15","3,958.90","4,020.80","3,930.00","24.89K","1.83%"
"09-10-2023","3,938.20","3,960.00","3,984.60","3,895.90","32.59K","-0.82%"
"06-10-2023","3,970.75","3,989.20","4,010.80","3,939.00","71.20K","0.03%"
"05-10-2023","3,969.40","4,008.30","4,065.35","3,952.00","26.69K","-0.71%"
"04-10-2023","3,997.75","4,044.30","4,107.00","3,966.65","21.43K","-1.22%"
"03-10-2023","4,047.30","4,120.65","4,198.00","4,008.40","31.01K","-1.29%"
"29-09-2023","4,100.15","4,126.05","4,186.25","4,090.05","15.28K","-0.52%"
"28-09-2023","4,121.40","4,169.80","4,240.00","4,100.00","18.16K","-0.67%"
"27-09-2023","4,149.15","4,132.00","4,206.75","4,130.75","24.21K","0.46%"
"26-09-2023","4,130.00","4,204.45","4,229.95","4,117.60","16.11K","-1.28%"
"25-09-2023","4,183.55","4,200.00","4,240.65","4,161.60","20.69K","-0.39%"
"22-09-2023","4,199.80","4,200.70","4,248.30","4,152.50","15.60K","0.48%"
"21-09-2023","4,179.85","4,180.00","4,249.90","4,142.00","15.58K","0.40%"
"20-09-2023","4,163.10","4,201.95","4,250.05","4,151.05","24.38K","-0.91%"
"18-09-2023","4,201.35","4,303.75","4,341.70","4,166.00","31.90K","-2.38%"
"15-09-2023","4,303.75","4,380.00","4,497.30","4,277.00","45.61K","-1.33%"
"14-09-2023","4,361.55","4,359.90","4,449.90","4,342.25","21.64K","0.83%"
"13-09-2023","4,325.50","4,350.00","4,465.85","4,261.95","24.00K","-0.59%"
"12-09-2023","4,351.30","4,590.85","4,597.20","4,315.30","26.17K","-4.76%"
"11-09-2023","4,568.90","4,590.70","4,686.95","4,542.60","33.06K","0.02%"
"08-09-2023","4,567.90","4,500.00","4,619.00","4,477.25","60.95K","2.34%"
"07-09-2023","4,463.30","4,328.50","4,547.90","4,328.50","116.90K","2.56%"
"06-09-2023","4,352.00","4,440.25","4,474.65","4,251.40","38.43K","-1.50%"
"05-09-2023","4,418.20","4,416.50","4,430.00","4,390.00","23.68K","0.56%"
"04-09-2023","4,393.40","4,440.00","4,449.90","4,306.90","42.52K","0.29%"
"01-09-2023","4,380.90","4,400.95","4,460.00","4,360.00","12.08K","-0.46%"
"31-08-2023","4,400.95","4,459.65","4,482.45","4,385.00","20.61K","-1.22%"
"30-08-2023","4,455.10","4,508.00","4,539.95","4,440.00","27.25K","-2.00%"
"29-08-2023","4,546.05","4,620.00","4,666.20","4,526.25","20.94K","-1.54%"
"28-08-2023","4,616.95","4,578.00","4,666.00","4,551.45","13.21K","0.52%"
"25-08-2023","4,593.15","4,599.65","4,667.95","4,495.00","17.49K","0.29%"
"24-08-2023","4,579.65","4,644.90","4,673.05","4,501.00","25.28K","-1.20%"
"23-08-2023","4,635.25","4,457.10","4,800.00","4,445.05","169.52K","4.20%"
"22-08-2023","4,448.60","4,402.95","4,550.00","4,366.00","34.18K","1.44%"
"21-08-2023","4,385.30","4,274.70","4,420.00","4,207.20","16.97K","2.87%"
"18-08-2023","4,262.85","4,319.00","4,350.70","4,227.90","7.68K","-1.50%"
"17-08-2023","4,327.90","4,211.50","4,437.95","4,211.50","15.35K","1.65%"
"16-08-2023","4,257.70","4,279.95","4,345.20","4,221.10","11.21K","-0.94%"
"14-08-2023","4,298.25","4,334.00","4,405.00","4,261.50","12.11K","-2.56%"
"11-08-2023","4,411.05","4,482.90","4,482.90","4,340.00","15.04K","-0.85%"
"10-08-2023","4,448.85","4,370.30","4,515.00","4,330.05","63.79K","1.80%"
"09-08-2023","4,370.30","4,310.15","4,396.40","4,241.10","18.42K","1.62%"
"08-08-2023","4,300.75","4,226.00","4,325.70","4,154.00","20.40K","2.49%"
"07-08-2023","4,196.45","4,192.20","4,259.95","4,156.00","10.65K","0.10%"
"04-08-2023","4,192.20","4,310.00","4,310.00","4,151.10","20.98K","-1.96%"
"03-08-2023","4,275.85","4,046.00","4,295.25","4,030.20","130.94K","6.03%"
"02-08-2023","4,032.80","3,970.00","4,042.00","3,902.05","49.99K","1.71%"
"01-08-2023","3,964.85","3,963.20","4,001.90","3,935.00","19.67K","0.57%"
"31-07-2023","3,942.45","3,960.00","3,984.00","3,931.30","95.33K","-0.44%"
"28-07-2023","3,960.00","4,056.70","4,067.60","3,940.05","19.12K","-2.38%"
"27-07-2023","4,056.70","4,077.00","4,129.90","3,987.05","19.95K","-0.27%"
"26-07-2023","4,067.50","4,093.70","4,155.05","4,051.00","46.87K","-1.86%"
"25-07-2023","4,144.45","4,141.00","4,274.00","4,042.85","32.31K","0.55%"
"24-07-2023","4,121.70","4,220.00","4,228.95","4,101.50","31.90K","-1.92%"
"21-07-2023","4,202.45","4,186.00","4,239.95","4,151.25","9.07K","0.82%"
"20-07-2023","4,168.25","4,227.50","4,241.45","4,146.05","15.08K","-0.91%"
"19-07-2023","4,206.55","4,289.95","4,311.00","4,191.50","18.21K","-0.69%"
"18-07-2023","4,235.65","4,265.00","4,335.00","4,215.30","18.75K","-0.17%"
"17-07-2023","4,242.70","4,180.80","4,277.45","4,180.80","21.60K","0.34%"
"14-07-2023","4,228.50","4,170.00","4,275.05","4,159.75","17.61K","1.83%"
"13-07-2023","4,152.45","4,220.25","4,249.65","4,125.15","15.08K","-1.61%"
"12-07-2023","4,220.25","4,210.25","4,288.10","4,193.05","15.33K","0.74%"
"11-07-2023","4,189.35","4,244.00","4,300.00","4,161.50","22.04K","-0.89%"
"10-07-2023","4,226.80","4,285.00","4,365.00","4,199.80","18.86K","-0.82%"
"07-07-2023","4,261.85","4,320.65","4,347.85","4,231.50","35.61K","-1.36%"
"06-07-2023","4,320.65","4,200.00","4,345.00","4,200.00","30.78K","2.42%"
"05-07-2023","4,218.75","4,128.50","4,288.00","4,105.05","36.55K","2.70%"
"04-07-2023","4,108.00","4,158.70","4,172.40","4,100.00","7.01K","-0.73%"
"03-07-2023","4,138.05","4,179.70","4,189.00","4,125.00","9.70K","-0.48%"
"30-06-2023","4,157.85","4,138.55","4,185.00","4,083.70","16.10K","0.97%"
"28-06-2023","4,117.75","4,158.95","4,207.95","4,109.00","12.70K","-0.10%"
"27-06-2023","4,121.95","4,153.65","4,192.45","4,090.00","23.84K","-1.67%"
"26-06-2023","4,191.75","4,100.00","4,200.00","4,076.10","12.85K","2.32%"
"23-06-2023","4,096.90","4,123.40","4,239.95","4,052.55","32.31K","-0.64%"
"22-06-2023","4,123.40","4,181.95","4,189.85","4,090.10","10.38K","-0.91%"
"21-06-2023","4,161.15","4,137.95","4,168.00","4,084.50","14.07K","0.66%"
"20-06-2023","4,133.90","4,126.00","4,170.00","4,120.00","11.74K","0.36%"
"19-06-2023","4,119.05","4,089.95","4,155.00","4,072.30","33.16K","1.21%"
"16-06-2023","4,069.75","4,024.90","4,122.60","3,962.00","30.60K","1.68%"
"15-06-2023","4,002.55","4,090.00","4,213.65","3,977.15","38.03K","-2.02%"
"14-06-2023","4,085.05","4,199.00","4,293.95","4,056.50","122.89K","-0.63%"
"13-06-2023","4,110.90","3,901.70","4,149.00","3,901.70","55.53K","4.64%"
"12-06-2023","3,928.70","3,857.40","3,943.95","3,815.00","15.23K","2.38%"
"09-06-2023","3,837.20","3,880.35","3,985.55","3,823.55","17.97K","-1.99%"
"08-06-2023","3,914.95","3,987.95","3,995.00","3,905.00","9.97K","-1.34%"
"07-06-2023","3,968.30","4,000.00","4,000.00","3,948.40","9.07K","-0.41%"
"06-06-2023","3,984.65","3,890.00","3,999.00","3,851.25","23.13K","2.85%"
"05-06-2023","3,874.40","3,932.10","3,963.00","3,850.00","16.06K","-0.95%"
"02-06-2023","3,911.55","3,921.80","3,964.00","3,901.00","18.62K","0.26%"
"01-06-2023","3,901.30","3,861.65","3,920.00","3,839.80","14.29K","1.43%"
"31-05-2023","3,846.45","3,925.00","3,925.00","3,814.80","30.69K","-0.91%"
"30-05-2023","3,881.70","3,870.00","3,905.90","3,850.00","19.80K","0.37%"
"29-05-2023","3,867.45","3,786.00","3,936.85","3,786.00","32.50K","2.13%"
"26-05-2023","3,786.85","3,800.00","3,815.05","3,758.30","26.34K","-0.24%"
"25-05-2023","3,796.15","3,825.00","3,849.00","3,738.65","39.58K","-0.26%"
"24-05-2023","3,806.10","4,010.00","4,064.00","3,756.00","92.71K","-4.92%"
"23-05-2023","4,002.95","3,948.95","4,094.50","3,903.90","37.46K","1.60%"
"22-05-2023","3,939.75","4,051.85","4,051.85","3,925.15","18.35K","-2.29%"
"19-05-2023","4,031.95","3,980.00","4,080.00","3,856.35","39.23K","1.47%"
"18-05-2023","3,973.65","3,849.50","4,038.00","3,825.15","67.15K","4.15%"
"17-05-2023","3,815.40","3,818.00","3,873.95","3,790.00","57.79K","0.07%"
"16-05-2023","3,812.65","3,929.05","3,949.00","3,803.20","49.57K","-2.45%"
"15-05-2023","3,908.55","3,820.00","3,934.00","3,781.40","40.26K","2.45%"
"12-05-2023","3,815.15","3,819.85","3,869.00","3,783.70","47.57K","0.31%"
"11-05-2023","3,803.30","3,772.00","3,815.00","3,728.00","36.83K","0.84%"
"10-05-2023","3,771.60","3,744.00","3,819.95","3,708.20","44.71K","0.88%"
"09-05-2023","3,738.60","3,687.25","3,755.00","3,687.25","43.57K","1.38%"
"08-05-2023","3,687.80","3,750.05","3,810.00","3,674.90","67.01K","-1.13%"
"05-05-2023","3,729.80","3,480.00","3,764.60","3,445.60","266.49K","7.60%"
"04-05-2023","3,466.35","3,337.00","3,482.00","3,337.00","20.45K","3.31%"
"03-05-2023","3,355.15","3,428.10","3,428.10","3,331.50","34.39K","-2.71%"
"02-05-2023","3,448.75","3,325.90","3,470.00","3,310.00","58.87K","4.24%"
"28-04-2023","3,308.50","3,300.00","3,325.00","3,287.15","8.69K","0.90%"
"27-04-2023","3,279.05","3,300.00","3,319.95","3,270.00","8.17K","-0.31%"
"26-04-2023","3,289.15","3,225.85","3,300.00","3,225.85","34.54K","1.35%"
"25-04-2023","3,245.30","3,250.75","3,318.25","3,216.05","51.70K","0.33%"
"24-04-2023","3,234.75","3,230.00","3,260.90","3,201.00","89.52K","0.44%"
"21-04-2023","3,220.50","3,195.00","3,263.80","3,176.05","70.35K","0.71%"
"20-04-2023","3,197.75","3,060.90","3,226.90","3,053.55","36.15K","5.02%"
"19-04-2023","3,044.90","3,096.70","3,097.50","3,030.10","129.28K","-1.18%"
"18-04-2023","3,081.30","3,111.05","3,119.95","3,070.00","10.75K","-0.24%"
"17-04-2023","3,088.85","3,103.80","3,132.10","3,080.95","11.05K","-1.38%"
"13-04-2023","3,132.10","3,154.15","3,171.15","3,125.00","12.56K","-0.28%"
"12-04-2023","3,140.75","3,167.15","3,198.95","3,135.10","20.57K","-0.34%"
"11-04-2023","3,151.40","3,161.55","3,207.55","3,135.00","27.39K","-0.32%"
"10-04-2023","3,161.55","3,182.00","3,236.55","3,155.00","18.83K","-1.62%"
"06-04-2023","3,213.55","3,240.15","3,240.15","3,190.00","16.59K","-0.33%"
"05-04-2023","3,224.05","3,308.90","3,310.00","3,217.00","18.64K","-2.08%"
"03-04-2023","3,292.50","3,326.00","3,396.00","3,275.55","15.28K","-1.52%"
"31-03-2023","3,343.40","3,186.60","3,382.45","3,155.05","34.03K","5.47%"
"29-03-2023","3,169.95","3,135.50","3,246.80","3,084.05","31.13K","0.76%"
"28-03-2023","3,146.15","3,150.00","3,197.90","3,100.00","16.96K","-0.02%"
"27-03-2023","3,146.65","3,337.05","3,349.45","3,111.05","33.22K","-5.61%"
"24-03-2023","3,333.60","3,360.00","3,388.45","3,305.65","8.11K","-0.70%"
"23-03-2023","3,357.15","3,229.00","3,439.10","3,211.05","34.89K","3.39%"
"22-03-2023","3,247.20","3,252.40","3,300.10","3,224.85","8.04K","0.34%"
"21-03-2023","3,236.25","3,335.80","3,335.80","3,220.05","39.07K","-2.50%"
"20-03-2023","3,319.30","3,360.00","3,360.00","3,226.10","22.71K","0.40%"
"17-03-2023","3,306.15","3,272.70","3,310.00","3,252.05","7.64K","1.55%"
"16-03-2023","3,255.60","3,300.00","3,329.55","3,250.00","13.07K","-2.23%"
"15-03-2023","3,329.95","3,275.50","3,360.00","3,251.10","25.72K","2.11%"
"14-03-2023","3,261.20","3,489.80","3,490.05","3,250.05","31.69K","-6.36%"
"13-03-2023","3,482.85","3,432.30","3,545.00","3,372.05","35.25K","1.47%"
"10-03-2023","3,432.30","3,530.00","3,569.00","3,403.05","23.20K","-2.79%"
"09-03-2023","3,530.80","3,490.45","3,555.00","3,472.65","27.78K","1.86%"
"08-03-2023","3,466.45","3,419.30","3,483.00","3,370.60","30.23K","1.91%"
"06-03-2023","3,401.40","3,356.70","3,433.95","3,330.60","18.38K","1.84%"
"03-03-2023","3,340.00","3,350.00","3,399.90","3,308.15","16.23K","0.21%"
"02-03-2023","3,332.85","3,320.25","3,356.80","3,248.00","20.73K","0.38%"
"01-03-2023","3,320.25","3,326.90","3,357.55","3,301.50","11.16K","-0.20%"
"28-02-2023","3,326.90","3,313.25","3,375.00","3,252.85","24.74K","0.41%"
"27-02-2023","3,313.25","3,274.20","3,474.00","3,232.00","109.05K","1.19%"
"24-02-2023","3,274.20","3,170.00","3,351.00","3,151.30","34.89K","3.07%"
"23-02-2023","3,176.55","3,083.00","3,236.85","3,064.50","37.27K","3.52%"
"22-02-2023","3,068.65","3,050.90","3,075.00","3,030.30","11.03K","0.60%"
"21-02-2023","3,050.40","3,015.00","3,069.85","2,996.05","11.27K","1.19%"
"20-02-2023","3,014.40","3,015.00","3,040.05","2,986.05","9.76K","0.38%"
"17-02-2023","3,003.10","2,980.45","3,015.00","2,965.00","13.01K","0.42%"
"16-02-2023","2,990.45","2,998.95","3,021.95","2,963.40","32.12K","0.00%"
"15-02-2023","2,990.40","3,028.00","3,028.00","2,925.40","54.56K","-2.04%"
"14-02-2023","3,052.75","3,018.95","3,090.00","2,990.00","16.04K","1.62%"
"13-02-2023","3,003.95","3,054.60","3,089.50","2,990.05","8.17K","-1.14%"
"10-02-2023","3,038.65","3,006.60","3,075.00","2,991.75","18.59K","1.24%"
"09-02-2023","3,001.50","2,945.00","3,020.00","2,905.85","19.29K","1.62%"
"08-02-2023","2,953.55","3,005.05","3,005.05","2,925.95","77.98K","-1.63%"
"07-02-2023","3,002.35","2,951.00","3,021.55","2,922.00","129.62K","-3.41%"
"06-02-2023","3,108.50","3,065.00","3,153.00","3,035.00","8.78K","1.92%"
"03-02-2023","3,049.80","3,087.15","3,088.80","3,020.00","7.77K","-1.12%"
"02-02-2023","3,084.30","3,118.00","3,163.20","3,065.50","5.36K","-1.98%"
"01-02-2023","3,146.60","3,112.00","3,230.10","3,058.20","12.97K","1.38%"
"31-01-2023","3,103.70","3,020.35","3,146.80","3,013.15","12.99K","2.60%"
"30-01-2023","3,025.15","3,034.40","3,079.75","2,980.10","19.03K","0.22%"
"27-01-2023","3,018.55","3,123.50","3,138.95","2,966.05","18.34K","-3.30%"
"25-01-2023","3,121.65","3,121.15","3,158.35","3,087.45","6.91K","-0.28%"
"24-01-2023","3,130.45","3,166.20","3,196.45","3,006.65","33.66K","-1.34%"
"23-01-2023","3,173.10","3,230.90","3,245.00","3,144.95","17.32K","-1.73%"
"20-01-2023","3,228.90","3,302.40","3,306.40","3,210.00","8.50K","-2.34%"
"19-01-2023","3,306.40","3,260.10","3,324.00","3,237.35","9.54K","1.42%"
"18-01-2023","3,260.10","3,283.20","3,283.20","3,240.10","14.71K","-0.70%"
"17-01-2023","3,283.20","3,252.80","3,296.45","3,250.10","9.53K","0.53%"
"16-01-2023","3,265.80","3,249.45","3,271.25","3,244.60","5.59K","-0.10%"
"13-01-2023","3,269.05","3,304.50","3,324.60","3,252.00","9.51K","-1.08%"
"12-01-2023","3,304.65","3,344.10","3,368.50","3,271.55","26.65K","-0.93%"
"11-01-2023","3,335.80","3,355.00","3,371.90","3,332.80","22.87K","-0.03%"
"10-01-2023","3,336.80","3,325.00","3,370.00","3,301.65","50.04K","0.50%"
"09-01-2023","3,320.25","3,300.00","3,332.35","3,278.20","5.52K","0.97%"
"06-01-2023","3,288.30","3,230.00","3,336.80","3,219.65","18.67K","1.70%"
"05-01-2023","3,233.35","3,321.35","3,343.00","3,205.80","14.05K","-2.75%"
"04-01-2023","3,324.80","3,371.80","3,381.90","3,305.05","27.92K","-1.39%"
"03-01-2023","3,371.80","3,355.10","3,393.45","3,316.00","27.29K","0.56%"
"02-01-2023","3,353.05","3,347.35","3,397.45","3,322.10","10.61K","0.17%"
"30-12-2022","3,347.35","3,278.30","3,393.90","3,271.90","30.97K","1.28%"
"29-12-2022","3,304.90","3,313.00","3,322.95","3,267.15","11.64K","-0.24%"
"28-12-2022","3,312.70","3,319.50","3,391.95","3,302.00","20.93K","0.24%"
"27-12-2022","3,304.90","3,289.90","3,325.00","3,267.00","15.45K","0.56%"
"26-12-2022","3,286.50","3,253.25","3,298.95","3,215.60","26.03K","-0.61%"
"23-12-2022","3,306.60","3,297.30","3,350.30","3,180.10","40.62K","-0.63%"
"22-12-2022","3,327.55","3,378.85","3,544.00","3,295.00","55.70K","-1.36%"
"21-12-2022","3,373.40","3,425.00","3,437.10","3,321.50","36.08K","-1.35%"
"20-12-2022","3,419.70","3,390.00","3,433.10","3,341.10","23.34K","1.04%"
"19-12-2022","3,384.60","3,333.00","3,422.00","3,332.05","24.89K","1.09%"
"16-12-2022","3,347.95","3,386.55","3,439.10","3,312.70","36.97K","-2.13%"
"15-12-2022","3,420.75","3,331.75","3,441.70","3,331.75","85.17K","2.80%"
"14-12-2022","3,327.50","3,325.00","3,363.95","3,250.00","90.44K","0.57%"
"13-12-2022","3,308.75","3,300.00","3,347.95","3,280.00","41.27K","0.32%"
"12-12-2022","3,298.10","3,089.95","3,347.40","3,061.10","120.21K","7.18%"
"09-12-2022","3,077.25","3,071.70","3,099.90","3,000.00","24.50K","0.71%"
"08-12-2022","3,055.60","3,011.95","3,108.40","3,007.00","67.71K","1.55%"
"07-12-2022","3,009.00","2,979.60","3,025.10","2,953.65","14.05K","0.62%"
"06-12-2022","2,990.60","3,024.40","3,054.60","2,974.00","27.97K","-0.60%"
"05-12-2022","3,008.55","2,962.25","3,017.20","2,935.00","26.55K","2.46%"
"02-12-2022","2,936.25","2,950.00","2,979.10","2,912.05","19.90K","0.17%"
"01-12-2022","2,931.40","2,960.40","3,034.15","2,927.00","30.55K","-0.74%"
"30-11-2022","2,953.25","2,975.00","3,009.65","2,940.15","22.92K","-0.21%"
"29-11-2022","2,959.40","2,920.00","3,001.00","2,896.20","30.71K","1.48%"
"28-11-2022","2,916.10","2,925.00","2,925.00","2,875.20","27.08K","0.41%"
"25-11-2022","2,904.10","2,926.95","2,949.00","2,892.70","8.01K","-0.78%"
"24-11-2022","2,926.95","2,939.95","2,950.00","2,908.85","15.85K","0.05%"
"23-11-2022","2,925.35","2,895.00","2,953.95","2,840.10","23.59K","1.30%"
"22-11-2022","2,887.80","2,885.55","2,908.00","2,880.00","11.29K","0.08%"
"21-11-2022","2,885.50","2,892.00","2,980.00","2,861.25","36.05K","0.19%"
"18-11-2022","2,879.95","2,942.70","2,954.10","2,858.00","40.06K","-2.13%"
"17-11-2022","2,942.70","2,970.00","2,999.90","2,929.00","17.20K","-0.81%"
"16-11-2022","2,966.80","2,988.90","3,019.95","2,915.00","72.57K","-0.74%"
"15-11-2022","2,988.90","3,038.00","3,038.00","2,975.00","20.18K","-1.76%"
"14-11-2022","3,042.50","3,087.25","3,097.85","2,997.25","18.43K","-1.29%"
"11-11-2022","3,082.40","3,095.00","3,149.90","3,066.45","23.58K","0.06%"
"10-11-2022","3,080.40","3,131.00","3,131.00","3,031.20","24.87K","-1.80%"
"09-11-2022","3,136.90","3,202.00","3,202.00","3,102.50","24.87K","-1.52%"
"07-11-2022","3,185.25","3,158.90","3,200.00","3,124.00","48.10K","1.34%"
"04-11-2022","3,143.15","3,180.90","3,204.00","3,135.10","18.28K","-0.79%"
"03-11-2022","3,168.25","3,186.60","3,202.40","3,146.45","12.69K","-0.58%"
"02-11-2022","3,186.60","3,197.65","3,240.00","3,170.00","16.11K","-0.35%"
"01-11-2022","3,197.65","3,152.10","3,210.00","3,152.10","28.11K","1.06%"
"31-10-2022","3,164.20","3,214.45","3,227.25","3,145.00","16.42K","-1.07%"
"28-10-2022","3,198.45","3,245.00","3,245.00","3,185.05","5.92K","-1.16%"
"27-10-2022","3,236.05","3,219.85","3,265.90","3,171.75","30.72K","1.51%"
"25-10-2022","3,187.95","3,260.95","3,260.95","3,171.45","28.38K","-1.75%"
"24-10-2022","3,244.75","3,250.00","3,261.90","3,201.15","2.86K","0.57%"
"21-10-2022","3,226.40","3,238.00","3,290.00","3,208.80","26.52K","-0.36%"
"20-10-2022","3,238.20","3,300.00","3,317.75","3,226.00","14.48K","-1.96%"
"19-10-2022","3,303.10","3,346.55","3,366.55","3,284.10","37.87K","-1.04%"
"18-10-2022","3,337.90","3,375.00","3,430.00","3,307.00","20.27K","-0.93%"
"17-10-2022","3,369.10","3,398.90","3,403.20","3,354.60","8.50K","-0.48%"
"14-10-2022","3,385.35","3,413.55","3,435.35","3,372.00","20.31K","-0.33%"
"13-10-2022","3,396.55","3,402.30","3,435.00","3,365.05","8.76K","-0.28%"
"12-10-2022","3,406.05","3,423.05","3,469.00","3,386.15","14.90K","0.00%"
"11-10-2022","3,406.00","3,423.25","3,459.30","3,393.00","15.89K","-0.40%"
"10-10-2022","3,419.60","3,417.10","3,466.60","3,415.20","12.15K","-0.84%"
"07-10-2022","3,448.45","3,455.00","3,499.95","3,431.10","13.75K","-0.20%"
"06-10-2022","3,455.35","3,513.85","3,548.75","3,437.15","18.65K","-1.17%"
"04-10-2022","3,496.40","3,519.00","3,526.45","3,456.00","17.21K","0.62%"
"03-10-2022","3,474.70","3,473.25","3,510.00","3,411.00","23.34K","-0.42%"
"30-09-2022","3,489.45","3,390.00","3,522.35","3,370.20","43.66K","2.08%"
"29-09-2022","3,418.30","3,478.75","3,525.00","3,355.00","57.23K","-1.42%"
"28-09-2022","3,467.50","3,484.00","3,529.90","3,428.60","147.81K","-0.47%"
"27-09-2022","3,483.95","3,490.00","3,549.00","3,456.00","26.46K","-0.69%"
"26-09-2022","3,508.05","3,543.80","3,569.00","3,413.35","33.36K","-0.26%"
"23-09-2022","3,517.15","3,628.40","3,640.65","3,500.00","20.68K","-2.70%"
"22-09-2022","3,614.90","3,400.00","3,640.00","3,391.05","54.75K","5.86%"
"21-09-2022","3,414.95","3,478.85","3,503.50","3,402.70","20.06K","-1.27%"
"20-09-2022","3,459.05","3,507.25","3,533.45","3,433.25","17.20K","-0.22%"
"19-09-2022","3,466.70","3,503.20","3,521.05","3,443.25","18.47K","-0.06%"
"16-09-2022","3,468.70","3,525.90","3,580.00","3,387.35","268.11K","-1.10%"
"15-09-2022","3,507.40","3,567.15","3,579.00","3,480.50","41.53K","-1.28%"
"14-09-2022","3,552.95","3,580.00","3,625.25","3,535.00","56.51K","-2.05%"
"13-09-2022","3,627.30","3,627.35","3,709.00","3,586.00","78.80K","0.00%"
"12-09-2022","3,627.35","3,735.50","3,775.55","3,610.00","50.33K","-2.17%"
"09-09-2022","3,707.65","3,798.00","3,811.10","3,685.55","37.86K","-1.51%"
"08-09-2022","3,764.45","3,790.00","3,814.00","3,734.75","40.01K","-0.07%"
"07-09-2022","3,767.10","3,671.00","3,790.55","3,667.60","52.38K","1.62%"
"06-09-2022","3,706.95","3,840.00","3,860.00","3,700.00","48.48K","-2.68%"
"05-09-2022","3,809.10","3,790.00","3,889.00","3,771.00","50.70K","1.01%"
"02-09-2022","3,770.85","3,847.00","3,856.00","3,748.05","58.09K","0.16%"
"01-09-2022","3,764.95","3,710.40","3,915.00","3,710.40","105.98K","0.55%"
"30-08-2022","3,744.40","3,677.95","3,798.90","3,670.00","85.98K","3.04%"
"29-08-2022","3,634.10","3,500.00","3,698.00","3,500.00","49.06K","-1.35%"
"26-08-2022","3,683.65","3,645.00","3,848.90","3,640.00","208.66K","1.59%"
"25-08-2022","3,626.10","3,536.00","3,769.95","3,514.85","148.73K","3.09%"
"24-08-2022","3,517.45","3,557.30","3,611.90","3,500.00","31.88K","-0.60%"
"23-08-2022","3,538.65","3,530.00","3,627.70","3,475.85","84.17K","0.05%"
"22-08-2022","3,536.85","3,447.25","3,680.00","3,421.05","210.48K","2.94%"
"19-08-2022","3,435.95","3,409.00","3,479.00","3,397.05","28.65K","1.37%"
"18-08-2022","3,389.45","3,410.00","3,460.00","3,370.00","29.81K","-0.21%"
"17-08-2022","3,396.60","3,355.00","3,420.00","3,318.95","36.09K","1.96%"
"16-08-2022","3,331.35","3,241.05","3,345.95","3,220.00","36.77K","3.01%"
"12-08-2022","3,233.95","3,321.40","3,321.40","3,222.00","31.70K","-2.06%"
"11-08-2022","3,301.85","3,450.00","3,450.00","3,264.05","36.36K","-3.02%"
"10-08-2022","3,404.70","3,430.00","3,454.80","3,393.55","18.76K","-0.64%"
"08-08-2022","3,426.65","3,550.00","3,550.00","3,412.50","196.38K","-2.81%"
"05-08-2022","3,525.90","3,450.00","3,549.50","3,408.65","40.96K","2.37%"
"04-08-2022","3,444.40","3,357.90","3,498.40","3,317.40","32.06K","3.65%"
"03-08-2022","3,323.05","3,443.60","3,448.25","3,302.40","38.64K","-3.47%"
"02-08-2022","3,442.60","3,324.90","3,451.60","3,312.40","57.40K","3.99%"
"01-08-2022","3,310.45","3,238.95","3,320.00","3,194.20","36.43K","2.64%"
"29-07-2022","3,225.25","3,249.85","3,249.85","3,168.85","32.94K","-0.05%"
"28-07-2022","3,226.95","3,275.80","3,275.80","3,172.65","29.17K","-0.50%"
"27-07-2022","3,243.30","3,176.85","3,248.00","3,141.60","47.85K","2.66%"
"26-07-2022","3,159.35","3,118.95","3,170.00","3,062.20","52.26K","2.31%"
"25-07-2022","3,088.05","3,170.20","3,171.10","3,002.20","93.91K","-2.59%"
"22-07-2022","3,170.20","3,315.50","3,357.65","3,134.45","126.05K","-6.14%"
"21-07-2022","3,377.70","3,439.00","3,494.10","3,277.15","109.33K","-1.22%"
"20-07-2022","3,419.35","3,546.00","3,588.75","3,395.00","32.36K","-3.50%"
"19-07-2022","3,543.25","3,591.55","3,640.00","3,525.65","30.32K","-1.32%"
"18-07-2022","3,590.50","3,569.00","3,674.00","3,560.05","54.74K","1.72%"
"15-07-2022","3,529.75","3,475.00","3,564.95","3,456.00","17.14K","1.40%"
"14-07-2022","3,481.15","3,440.00","3,498.00","3,440.00","9.70K","0.28%"
"13-07-2022","3,471.55","3,426.10","3,521.00","3,426.10","29.46K","1.37%"
"12-07-2022","3,424.55","3,500.00","3,508.00","3,392.35","28.18K","-1.31%"
"11-07-2022","3,470.00","3,280.20","3,513.00","3,275.00","92.81K","5.97%"
"08-07-2022","3,274.45","3,338.35","3,358.30","3,260.00","12.78K","-1.91%"
"07-07-2022","3,338.35","3,358.00","3,392.20","3,322.00","22.89K","1.04%"
"06-07-2022","3,303.90","3,250.00","3,333.90","3,202.25","27.24K","2.30%"
"05-07-2022","3,229.75","3,159.00","3,259.00","3,141.15","35.52K","2.24%"
"04-07-2022","3,159.00","3,136.00","3,176.00","3,104.05","24.52K","0.29%"
"01-07-2022","3,149.95","3,168.30","3,175.00","3,092.00","17.76K","-0.06%"
"30-06-2022","3,151.70","3,130.00","3,165.00","3,125.00","16.43K","0.22%"
"29-06-2022","3,144.80","3,139.00","3,160.00","3,108.00","16.60K","-0.17%"
"28-06-2022","3,150.00","3,156.65","3,174.80","3,125.00","27.03K","-0.23%"
"27-06-2022","3,157.30","3,169.75","3,194.95","3,113.90","28.97K","0.40%"
"24-06-2022","3,144.80","3,144.25","3,213.95","3,103.80","39.02K","0.74%"
"23-06-2022","3,121.60","3,192.00","3,198.75","3,106.40","25.72K","-2.19%"
"22-06-2022","3,191.50","3,115.30","3,210.00","3,071.10","35.48K","2.46%"
"21-06-2022","3,114.85","2,870.00","3,190.00","2,866.25","53.53K","8.29%"
"20-06-2022","2,876.45","3,121.00","3,154.40","2,851.00","48.52K","-8.64%"
"17-06-2022","3,148.40","3,120.10","3,216.80","3,054.30","26.06K","0.97%"
"16-06-2022","3,118.00","3,307.00","3,328.75","3,100.00","45.46K","-5.22%"
"15-06-2022","3,289.65","3,251.00","3,348.65","3,251.00","27.43K","1.05%"
"14-06-2022","3,255.40","3,247.00","3,290.00","3,207.00","21.84K","-0.96%"
"13-06-2022","3,287.10","3,358.95","3,385.60","3,240.30","20.14K","-2.67%"
"10-06-2022","3,377.35","3,277.50","3,425.00","3,265.05","31.76K","2.50%"
"09-06-2022","3,294.95","3,292.25","3,322.00","3,261.00","9.21K","-0.83%"
"08-06-2022","3,322.40","3,332.90","3,349.95","3,270.00","14.91K","0.21%"
"07-06-2022","3,315.45","3,339.75","3,399.90","3,285.05","42.48K","-0.99%"
"06-06-2022","3,348.45","3,372.50","3,376.00","3,307.20","20.17K","-0.99%"
"03-06-2022","3,381.90","3,510.30","3,560.55","3,325.00","30.02K","-3.15%"
"02-06-2022","3,491.90","3,500.00","3,539.95","3,452.55","25.24K","-0.52%"
"01-06-2022","3,510.20","3,590.00","3,655.00","3,432.55","61.55K","-0.56%"
"31-05-2022","3,529.95","3,358.50","3,595.95","3,358.50","152.46K","5.66%"
"30-05-2022","3,340.90","3,345.55","3,361.70","3,256.85","34.86K","2.70%"
"27-05-2022","3,253.10","3,160.00","3,295.00","3,160.00","49.26K","3.77%"
"26-05-2022","3,135.00","3,170.00","3,170.00","3,062.35","36.97K","-0.82%"
"25-05-2022","3,160.80","3,175.00","3,199.90","3,050.70","35.14K","0.79%"
"24-05-2022","3,136.15","3,165.10","3,190.00","3,117.30","18.24K","0.02%"
"23-05-2022","3,135.40","3,098.00","3,165.00","3,098.00","26.59K","1.74%"
"20-05-2022","3,081.70","3,093.25","3,157.00","3,075.00","12.81K","1.10%"
"19-05-2022","3,048.30","3,051.10","3,105.05","3,030.00","20.42K","-2.05%"
"18-05-2022","3,112.15","3,190.00","3,248.00","3,086.40","32.99K","-2.00%"
"17-05-2022","3,175.80","3,115.00","3,195.00","3,076.20","33.44K","3.38%"
"16-05-2022","3,072.10","3,045.90","3,140.00","3,002.55","34.63K","1.37%"
"13-05-2022","3,030.60","2,894.00","3,077.85","2,890.00","77.97K","5.88%"
"12-05-2022","2,862.30","2,910.00","2,914.60","2,807.30","27.55K","-1.79%"
"11-05-2022","2,914.60","2,833.25","2,944.00","2,750.10","52.34K","2.93%"
"10-05-2022","2,831.55","2,938.25","2,998.00","2,800.00","35.52K","-3.41%"
"09-05-2022","2,931.45","2,990.25","3,005.95","2,902.20","26.93K","-1.97%"
"06-05-2022","2,990.25","2,860.65","3,118.80","2,860.65","74.38K","1.04%"
"05-05-2022","2,959.55","2,911.25","2,975.00","2,894.90","39.89K","2.77%"
"04-05-2022","2,879.75","3,100.00","3,112.90","2,850.00","73.55K","-6.78%"
"02-05-2022","3,089.25","3,110.00","3,147.95","3,083.00","20.06K","-1.90%"
"29-04-2022","3,149.00","3,192.90","3,265.55","3,120.00","34.91K","-0.88%"
"28-04-2022","3,177.05","3,189.25","3,206.30","3,136.90","22.57K","0.25%"
"27-04-2022","3,169.05","3,135.00","3,308.00","3,120.05","104.61K","0.93%"
"26-04-2022","3,139.80","3,180.00","3,200.00","3,112.00","21.31K","-0.38%"
"25-04-2022","3,151.65","3,203.50","3,218.00","3,136.35","34.60K","-2.61%"
"22-04-2022","3,236.10","3,275.10","3,339.95","3,225.00","29.27K","-1.59%"
"21-04-2022","3,288.45","3,304.30","3,345.00","3,275.00","50.13K","-0.48%"
"20-04-2022","3,304.30","3,330.95","3,368.80","3,251.40","38.17K","-0.65%"
"19-04-2022","3,325.85","3,426.10","3,479.95","3,251.00","40.55K","-2.54%"
"18-04-2022","3,412.45","3,460.00","3,518.05","3,390.00","38.16K","-2.32%"
"13-04-2022","3,493.45","3,518.95","3,530.50","3,430.00","48.96K","0.26%"
"12-04-2022","3,484.45","3,460.90","3,525.55","3,386.00","49.17K","1.19%"
"11-04-2022","3,443.60","3,469.80","3,488.25","3,401.35","41.57K","-0.54%"
"08-04-2022","3,462.35","3,404.70","3,500.00","3,390.00","38.43K","2.43%"
"07-04-2022","3,380.15","3,430.00","3,484.00","3,356.00","33.16K","-2.16%"
"06-04-2022","3,454.70","3,441.00","3,514.30","3,429.25","49.84K","-0.17%"
"05-04-2022","3,460.50","3,498.85","3,555.50","3,414.95","49.83K","-0.45%"
"04-04-2022","3,476.10","3,472.00","3,512.00","3,456.60","30.62K","-0.59%"
"01-04-2022","3,496.70","3,542.90","3,545.00","3,467.80","34.99K","-0.70%"
"31-03-2022","3,521.25","3,487.95","3,565.00","3,445.00","48.20K","1.29%"
"30-03-2022","3,476.35","3,570.05","3,644.50","3,459.00","61.20K","-1.91%"
"29-03-2022","3,543.90","3,619.95","3,643.95","3,490.65","63.67K","-1.07%"
"28-03-2022","3,582.10","3,390.00","3,650.00","3,340.55","172.93K","6.01%"
"25-03-2022","3,378.95","3,440.70","3,470.00","3,350.00","30.20K","-1.28%"
"24-03-2022","3,422.65","3,357.00","3,440.00","3,325.70","38.12K","1.52%"
"23-03-2022","3,371.50","3,355.00","3,418.60","3,295.35","56.55K","1.43%"
"22-03-2022","3,324.00","3,365.00","3,394.25","3,303.00","24.26K","-0.71%"
"21-03-2022","3,347.75","3,421.70","3,484.95","3,312.70","29.35K","-1.65%"
"17-03-2022","3,403.80","3,460.00","3,490.00","3,380.00","36.18K","-0.15%"
"16-03-2022","3,409.00","3,509.00","3,509.00","3,360.00","50.57K","-1.48%"
"15-03-2022","3,460.15","3,285.50","3,549.00","3,271.05","114.56K","4.61%"
"14-03-2022","3,307.55","3,350.00","3,384.60","3,281.05","29.48K","-0.78%"
"11-03-2022","3,333.55","3,378.00","3,445.00","3,312.70","35.99K","-1.53%"
"10-03-2022","3,385.50","3,499.00","3,599.00","3,368.30","50.52K","-2.14%"
"09-03-2022","3,459.40","3,460.05","3,518.00","3,400.00","61.32K","1.50%"
"08-03-2022","3,408.30","3,252.55","3,475.00","3,252.55","131.85K","3.86%"
"07-03-2022","3,281.65","3,485.00","3,538.40","3,260.00","140.64K","-8.42%"
"04-03-2022","3,583.45","3,829.00","3,978.25","3,541.90","287.80K","-6.99%"
"03-03-2022","3,852.70","3,494.00","4,042.60","3,424.85","466.66K","12.74%"
"02-03-2022","3,417.25","3,310.00","3,450.00","3,250.05","96.86K","3.44%"
"28-02-2022","3,303.45","3,195.00","3,333.00","3,137.25","113.63K","3.86%"
"25-02-2022","3,180.65","3,131.00","3,220.00","3,131.00","52.91K","5.04%"
"24-02-2022","3,027.95","3,098.00","3,235.00","2,998.70","100.38K","-5.43%"
"23-02-2022","3,201.80","3,196.00","3,342.00","3,172.25","96.45K","0.93%"
"22-02-2022","3,172.20","2,974.00","3,196.00","2,974.00","87.03K","1.61%"
"21-02-2022","3,121.95","3,148.00","3,150.00","3,045.00","83.41K","0.53%"
"18-02-2022","3,105.35","2,949.00","3,125.00","2,932.90","170.93K","6.60%"
"17-02-2022","2,913.00","2,870.00","2,987.20","2,827.55","63.33K","2.84%"
"16-02-2022","2,832.45","2,887.00","2,892.00","2,771.10","49.82K","0.53%"
"15-02-2022","2,817.60","2,847.40","2,898.00","2,698.55","70.99K","-0.46%"
"14-02-2022","2,830.50","2,770.00","2,940.00","2,725.65","67.37K","0.22%"
"11-02-2022","2,824.40","2,968.20","2,979.85","2,812.00","61.99K","-4.84%"
"10-02-2022","2,968.20","3,120.00","3,123.95","2,922.30","91.52K","-3.77%"
"09-02-2022","3,084.35","3,128.00","3,139.00","3,051.10","26.57K","-0.88%"
"08-02-2022","3,111.65","3,147.95","3,172.75","3,020.00","41.20K","0.54%"
"07-02-2022","3,094.95","3,272.40","3,290.05","3,038.90","59.97K","-4.96%"
"04-02-2022","3,256.60","3,332.00","3,350.00","3,206.95","39.44K","-1.37%"
"03-02-2022","3,301.85","3,390.00","3,430.00","3,275.00","69.28K","-1.61%"
"02-02-2022","3,355.75","3,265.00","3,390.00","3,208.35","69.17K","3.85%"
"01-02-2022","3,231.20","3,180.00","3,260.00","3,125.30","79.24K","3.50%"
"31-01-2022","3,121.80","3,286.40","3,340.00","3,105.00","76.11K","-3.11%"
"28-01-2022","3,221.90","3,150.00","3,269.00","3,128.55","103.03K","3.62%"
"27-01-2022","3,109.35","3,218.00","3,330.00","3,046.00","226.37K","-2.37%"
"25-01-2022","3,184.80","2,870.00","3,240.00","2,812.25","208.98K","9.41%"
"24-01-2022","2,910.95","3,031.00","3,129.95","2,870.10","164.98K","-3.95%"
"21-01-2022","3,030.75","2,830.00","3,210.15","2,817.20","860.27K","7.41%"
"20-01-2022","2,821.60","2,800.00","2,914.80","2,752.00","122.49K","1.11%"
"19-01-2022","2,790.65","2,674.00","2,800.00","2,592.40","74.15K","5.06%"
"18-01-2022","2,656.35","2,735.00","2,742.65","2,640.00","24.68K","-2.18%"
"17-01-2022","2,715.60","2,697.80","2,730.00","2,670.05","37.90K","1.97%"
"14-01-2022","2,663.25","2,643.15","2,699.40","2,615.70","27.20K","0.76%"
"13-01-2022","2,643.15","2,603.00","2,675.00","2,559.95","69.87K","3.24%"
"12-01-2022","2,560.25","2,483.70","2,605.00","2,483.65","43.15K","3.63%"
"11-01-2022","2,470.65","2,462.00","2,514.40","2,443.35","22.17K","0.83%"
"10-01-2022","2,450.25","2,451.00","2,497.20","2,430.05","26.65K","0.17%"
"07-01-2022","2,446.10","2,462.00","2,509.95","2,434.25","26.12K","-0.23%"
"06-01-2022","2,451.80","2,460.15","2,520.00","2,440.20","39.29K","-1.52%"
"05-01-2022","2,489.75","2,504.35","2,532.00","2,452.65","39.85K","-0.58%"
"04-01-2022","2,504.35","2,545.00","2,565.90","2,485.05","38.23K","-0.12%"
"03-01-2022","2,507.40","2,568.40","2,590.00","2,491.00","27.50K","-0.77%"
"31-12-2021","2,526.75","2,556.00","2,590.00","2,509.70","31.33K","-1.16%"
"30-12-2021","2,556.50","2,574.00","2,589.85","2,530.00","22.10K","-0.28%"
"29-12-2021","2,563.75","2,501.00","2,677.00","2,501.00","150.69K","2.71%"
"28-12-2021","2,496.20","2,535.00","2,545.80","2,484.00","8.33K","-0.26%"
"27-12-2021","2,502.80","2,550.00","2,554.90","2,482.00","9.54K","-1.52%"
"24-12-2021","2,541.55","2,569.00","2,585.00","2,522.20","6.02K","-0.55%"
"23-12-2021","2,555.50","2,540.00","2,577.00","2,490.00","16.91K","1.10%"
"22-12-2021","2,527.70","2,420.00","2,555.00","2,380.00","24.72K","4.69%"
"21-12-2021","2,414.45","2,455.30","2,492.85","2,402.45","11.46K","-1.15%"
"20-12-2021","2,442.45","2,520.00","2,520.00","2,381.60","24.19K","-3.48%"
"17-12-2021","2,530.45","2,540.10","2,566.90","2,504.40","14.93K","-0.54%"
"16-12-2021","2,544.10","2,582.90","2,600.00","2,530.10","13.89K","-1.00%"
"15-12-2021","2,569.85","2,596.50","2,635.00","2,552.40","18.25K","-0.51%"
"14-12-2021","2,582.95","2,586.40","2,628.70","2,574.65","34.90K","-1.04%"
"13-12-2021","2,610.10","2,648.00","2,648.00","2,578.00","62.08K","0.32%"
"10-12-2021","2,601.75","2,633.25","2,668.00","2,590.00","21.78K","-0.58%"
"09-12-2021","2,616.95","2,643.00","2,669.00","2,590.00","24.92K","0.01%"
"08-12-2021","2,616.65","2,598.25","2,648.00","2,524.95","28.98K","1.73%"
"07-12-2021","2,572.10","2,600.00","2,624.90","2,551.05","28.03K","0.60%"
"06-12-2021","2,556.70","2,668.90","2,674.45","2,530.00","28.58K","-3.96%"
"03-12-2021","2,662.15","2,763.00","2,792.70","2,632.35","45.00K","-3.21%"
"02-12-2021","2,750.45","2,674.00","2,855.00","2,674.00","140.58K","1.43%"
"01-12-2021","2,711.60","2,600.00","2,740.20","2,505.55","99.54K","2.47%"
"30-11-2021","2,646.25","2,399.00","2,756.40","2,399.00","465.30K","9.44%"
"29-11-2021","2,417.90","2,470.00","2,500.00","2,388.25","26.51K","-3.86%"
"26-11-2021","2,515.00","2,639.95","2,639.95","2,490.00","26.53K","-5.27%"
"25-11-2021","2,655.00","2,560.00","2,678.90","2,553.85","42.79K","3.58%"
"24-11-2021","2,563.25","2,630.00","2,691.70","2,550.10","39.17K","-1.68%"
"23-11-2021","2,607.15","2,480.00","2,639.00","2,456.65","36.48K","3.36%"
"22-11-2021","2,522.40","2,554.00","2,598.30","2,475.00","57.06K","-0.74%"
"18-11-2021","2,541.10","2,647.00","2,648.00","2,475.00","37.14K","-3.36%"
"17-11-2021","2,629.45","2,586.00","2,637.00","2,566.25","54.97K","2.09%"
"16-11-2021","2,575.55","2,566.25","2,600.00","2,525.00","49.80K","1.51%"
"15-11-2021","2,537.15","2,364.00","2,565.00","2,351.25","75.89K","7.32%"
"12-11-2021","2,364.00","2,338.25","2,390.00","2,325.05","33.41K","2.07%"
"11-11-2021","2,315.95","2,325.75","2,400.00","2,305.15","37.24K","-0.42%"
"10-11-2021","2,325.75","2,322.45","2,370.00","2,305.20","20.69K","0.64%"
"09-11-2021","2,310.90","2,319.35","2,350.00","2,300.00","16.22K","-0.36%"
"08-11-2021","2,319.35","2,335.00","2,375.00","2,299.10","26.90K","0.16%"
"04-11-2021","2,315.60","2,300.00","2,344.00","2,285.00","9.59K","1.36%"
"03-11-2021","2,284.55","2,228.00","2,379.00","2,217.70","93.95K","3.39%"
"02-11-2021","2,209.65","2,194.00","2,259.90","2,185.20","35.57K","1.80%"
"01-11-2021","2,170.50","2,205.10","2,257.70","2,160.00","40.23K","-1.90%"
"29-10-2021","2,212.60","2,243.00","2,279.00","2,190.00","37.66K","-1.63%"
"28-10-2021","2,249.20","2,307.25","2,314.75","2,222.00","27.65K","-1.81%"
"27-10-2021","2,290.75","2,362.00","2,380.65","2,279.50","25.50K","-2.22%"
"26-10-2021","2,342.85","2,300.00","2,370.00","2,294.00","45.12K","2.74%"
"25-10-2021","2,280.45","2,400.00","2,400.00","2,240.00","66.13K","-6.50%"
"22-10-2021","2,438.90","2,495.25","2,565.50","2,347.70","32.11K","-1.67%"
"21-10-2021","2,480.40","2,530.00","2,559.95","2,438.15","28.22K","-0.57%"
"20-10-2021","2,494.60","2,562.00","2,589.60","2,425.00","41.16K","-2.23%"
"19-10-2021","2,551.50","2,682.80","2,702.85","2,500.00","47.20K","-4.24%"
"18-10-2021","2,664.60","2,649.00","2,798.00","2,601.90","105.96K","1.76%"
"14-10-2021","2,618.40","2,485.25","2,749.00","2,432.60","259.38K","6.36%"
"13-10-2021","2,461.75","2,482.00","2,547.90","2,450.00","45.87K","0.08%"
"12-10-2021","2,459.80","2,433.25","2,506.25","2,376.05","37.35K","1.84%"
"11-10-2021","2,415.40","2,389.25","2,550.00","2,375.30","50.65K","2.12%"
"08-10-2021","2,365.30","2,410.00","2,436.90","2,350.00","25.65K","-1.47%"
"07-10-2021","2,400.70","2,391.25","2,450.00","2,363.05","16.11K","1.13%"
"06-10-2021","2,373.90","2,455.00","2,479.95","2,350.00","20.42K","-2.38%"
"05-10-2021","2,431.90","2,478.00","2,492.90","2,424.20","38.94K","-1.96%"
"04-10-2021","2,480.40","2,478.40","2,516.00","2,465.10","49.75K","1.11%"
"01-10-2021","2,453.15","2,433.00","2,489.80","2,415.05","44.60K","0.59%"
"30-09-2021","2,438.80","2,433.00","2,474.65","2,380.00","70.38K","1.18%"
"29-09-2021","2,410.35","2,295.00","2,575.00","2,275.15","425.57K","4.76%"
"28-09-2021","2,300.75","2,344.00","2,363.05","2,289.75","18.87K","0.02%"
"27-09-2021","2,300.40","2,330.00","2,357.35","2,293.65","11.47K","-0.45%"
"24-09-2021","2,310.85","2,388.00","2,419.65","2,295.25","20.70K","-2.97%"
"23-09-2021","2,381.65","2,350.00","2,458.95","2,350.00","38.00K","2.25%"
"22-09-2021","2,329.30","2,350.00","2,385.00","2,316.00","14.70K","-0.91%"
"21-09-2021","2,350.75","2,307.50","2,363.30","2,265.45","33.54K","1.89%"
"20-09-2021","2,307.25","2,408.80","2,409.00","2,290.00","32.52K","-4.22%"
"17-09-2021","2,408.80","2,382.90","2,444.00","2,300.00","37.66K","1.09%"
"16-09-2021","2,382.90","2,459.00","2,459.00","2,375.00","27.77K","-2.18%"
"15-09-2021","2,436.00","2,409.90","2,525.00","2,382.15","52.18K","1.93%"
"14-09-2021","2,389.90","2,359.00","2,473.00","2,335.10","91.72K","2.73%"
"13-09-2021","2,326.30","2,325.70","2,370.00","2,281.00","20.14K","0.03%"
"09-09-2021","2,325.70","2,325.65","2,348.95","2,318.05","13.03K","0.00%"
"08-09-2021","2,325.65","2,360.95","2,376.45","2,307.05","21.20K","-1.12%"
"07-09-2021","2,352.10","2,424.95","2,439.00","2,318.75","39.51K","-2.60%"
"06-09-2021","2,414.95","2,437.95","2,494.95","2,400.00","50.03K","-0.65%"
"03-09-2021","2,430.65","2,394.75","2,472.25","2,381.75","56.51K","2.11%"
"02-09-2021","2,380.35","2,380.00","2,505.00","2,360.00","174.96K","-1.25%"
"01-09-2021","2,410.50","2,175.00","2,520.00","2,086.25","317.52K","12.82%"
"31-08-2021","2,136.65","2,165.00","2,197.90","2,121.00","41.08K","-2.30%"
"30-08-2021","2,186.85","2,245.00","2,264.00","2,151.65","98.09K","-1.71%"
"27-08-2021","2,224.80","2,199.95","2,277.00","2,067.15","193.66K","3.03%"
"26-08-2021","2,159.40","1,960.00","2,220.00","1,934.70","552.64K","10.19%"
"25-08-2021","1,959.70","1,851.00","1,980.00","1,828.05","89.77K","5.93%"
"24-08-2021","1,849.95","1,810.00","1,862.00","1,810.00","37.86K","2.32%"
"23-08-2021","1,808.05","1,791.10","1,835.95","1,755.55","58.69K","-0.51%"
"20-08-2021","1,817.40","1,812.00","1,868.35","1,792.10","52.67K","-0.12%"
"18-08-2021","1,819.50","1,878.00","1,880.00","1,801.90","87.41K","-3.02%"
"17-08-2021","1,876.10","1,780.00","1,937.45","1,775.15","87.36K","5.49%"
"16-08-2021","1,778.50","1,835.00","1,835.00","1,747.65","33.30K","-1.10%"
"13-08-2021","1,798.25","1,847.90","1,847.90","1,780.35","26.32K","-0.04%"
"12-08-2021","1,798.95","1,801.00","1,816.55","1,781.00","29.10K","0.13%"
"11-08-2021","1,796.65","1,840.00","1,870.00","1,741.00","53.50K","-2.60%"
"10-08-2021","1,844.60","1,938.00","1,944.00","1,789.10","34.86K","-3.63%"
"09-08-2021","1,914.10","1,980.00","1,989.00","1,901.00","26.95K","-2.50%"
"06-08-2021","1,963.10","1,970.00","1,983.40","1,935.40","12.81K","0.49%"
"05-08-2021","1,953.45","1,998.40","1,998.40","1,936.00","17.23K","-0.97%"
"04-08-2021","1,972.60","2,031.05","2,074.95","1,946.00","47.26K","-2.19%"
"03-08-2021","2,016.85","1,930.00","2,085.00","1,929.15","219.03K","4.15%"
"02-08-2021","1,936.45","1,930.00","1,995.00","1,917.00","37.34K","0.56%"
"30-07-2021","1,925.60","1,917.00","1,943.25","1,904.15","37.29K","0.68%"
"29-07-2021","1,912.60","1,940.00","1,945.00","1,898.00","38.88K","-0.73%"
"28-07-2021","1,926.75","1,925.15","1,938.45","1,885.00","16.88K","0.08%"
"27-07-2021","1,925.15","1,922.70","1,943.65","1,900.00","41.07K","-0.06%"
"26-07-2021","1,926.30","1,870.00","1,998.00","1,833.40","136.46K","2.93%"
"23-07-2021","1,871.40","1,947.00","1,955.00","1,862.00","27.91K","-2.85%"
"22-07-2021","1,926.35","1,948.80","1,948.80","1,915.00","15.93K","0.06%"
"20-07-2021","1,925.15","1,946.15","1,950.00","1,900.00","21.04K","0.01%"
"19-07-2021","1,924.95","1,920.00","1,981.90","1,916.90","34.80K","0.47%"
"16-07-2021","1,916.00","1,926.90","1,938.90","1,908.10","39.12K","-0.38%"
"15-07-2021","1,923.40","1,940.00","1,956.00","1,901.00","28.60K","0.47%"
"14-07-2021","1,914.40","1,925.00","1,953.80","1,901.00","23.31K","0.11%"
"13-07-2021","1,912.30","1,957.70","1,960.00","1,900.00","17.04K","-0.62%"
"12-07-2021","1,924.25","1,950.00","2,000.00","1,921.05","90.88K","0.08%"
"09-07-2021","1,922.80","1,940.00","1,950.00","1,913.25","43.40K","0.06%"
"08-07-2021","1,921.70","1,919.00","1,938.90","1,882.05","59.75K","1.55%"
"07-07-2021","1,892.40","1,900.00","1,919.85","1,875.00","27.23K","-0.27%"
"06-07-2021","1,897.45","1,915.00","1,940.00","1,893.05","14.64K","-0.90%"
"05-07-2021","1,914.75","1,870.00","1,943.00","1,870.00","35.46K","2.14%"
"02-07-2021","1,874.55","1,915.00","1,917.00","1,862.00","20.35K","-1.20%"
"01-07-2021","1,897.25","1,919.00","1,949.00","1,890.00","39.03K","0.37%"
"30-06-2021","1,890.35","1,828.95","1,954.90","1,810.00","187.98K","4.68%"
"29-06-2021","1,805.90","1,839.00","1,839.00","1,802.00","7.42K","-0.94%"
"28-06-2021","1,823.00","1,818.00","1,834.00","1,800.00","13.06K","0.27%"
"25-06-2021","1,818.15","1,820.00","1,838.45","1,800.75","13.34K","-0.28%"
"24-06-2021","1,823.20","1,825.00","1,868.45","1,805.25","33.59K","0.27%"
"23-06-2021","1,818.35","1,855.00","1,875.95","1,815.00","64.77K","-1.56%"
"22-06-2021","1,847.15","1,844.50","1,877.60","1,842.00","11.22K","0.15%"
"21-06-2021","1,844.40","1,830.00","1,893.40","1,823.90","40.78K","1.41%"
"18-06-2021","1,818.80","1,812.50","1,828.90","1,755.55","16.70K","1.18%"
"17-06-2021","1,797.65","1,780.00","1,835.00","1,778.70","13.78K","-0.31%"
"16-06-2021","1,803.20","1,818.55","1,835.90","1,777.05","38.98K","-0.84%"
"15-06-2021","1,818.55","1,848.00","1,866.05","1,814.15","15.78K","-1.11%"
"14-06-2021","1,839.05","1,860.00","1,879.95","1,815.05","12.72K","-1.36%"
"11-06-2021","1,864.40","1,872.00","1,895.90","1,851.10","12.58K","0.82%"
"10-06-2021","1,849.30","1,869.00","1,877.00","1,840.00","15.71K","0.20%"
"09-06-2021","1,845.65","1,897.95","1,917.95","1,830.00","28.87K","-1.47%"
"08-06-2021","1,873.25","1,918.80","1,919.00","1,850.10","35.05K","-0.84%"
"07-06-2021","1,889.15","1,915.00","1,926.95","1,876.85","23.14K","-0.35%"
"04-06-2021","1,895.75","1,890.00","1,935.00","1,866.15","28.21K","-0.08%"
"03-06-2021","1,897.35","1,942.00","1,947.95","1,887.95","15.18K","-0.90%"
"02-06-2021","1,914.55","1,949.00","1,949.00","1,902.05","9.50K","-0.69%"
"01-06-2021","1,927.90","1,955.00","1,955.00","1,903.20","17.04K","-0.69%"
"31-05-2021","1,941.30","1,900.00","1,954.60","1,900.00","26.62K","1.55%"
"28-05-2021","1,911.60","1,960.00","1,960.00","1,900.00","55.96K","-0.59%"
"27-05-2021","1,922.95","1,913.90","1,950.00","1,875.00","145.07K","1.78%"
"26-05-2021","1,889.30","1,828.00","1,940.00","1,786.35","91.00K","4.60%"
"25-05-2021","1,806.25","1,889.90","1,889.90","1,787.95","33.71K","-1.87%"
"24-05-2021","1,840.65","1,797.00","1,849.00","1,790.00","44.37K","3.83%"
"21-05-2021","1,772.80","1,722.00","1,811.00","1,708.40","68.65K","3.89%"
"20-05-2021","1,706.35","1,686.00","1,730.40","1,686.00","22.73K","0.40%"
"19-05-2021","1,699.60","1,738.85","1,738.85","1,691.40","27.03K","-1.65%"
"18-05-2021","1,728.15","1,682.00","1,740.00","1,682.00","58.74K","2.37%"
"17-05-2021","1,688.10","1,720.00","1,744.00","1,680.00","29.37K","-1.20%"
"14-05-2021","1,708.65","1,743.95","1,743.95","1,680.00","20.39K","-0.46%"
"12-05-2021","1,716.60","1,745.00","1,748.00","1,713.70","24.10K","-0.15%"
"11-05-2021","1,719.10","1,754.40","1,759.45","1,713.10","23.25K","-0.59%"
"10-05-2021","1,729.30","1,721.95","1,762.35","1,717.40","21.29K","0.43%"
"07-05-2021","1,721.95","1,719.00","1,775.00","1,708.80","39.31K","0.03%"
"06-05-2021","1,721.50","1,701.10","1,800.00","1,675.60","65.68K","-1.99%"
"05-05-2021","1,756.45","1,819.95","1,845.00","1,699.45","53.54K","-2.12%"
"04-05-2021","1,794.55","1,850.00","1,850.00","1,781.00","51.78K","-1.63%"
"03-05-2021","1,824.20","1,790.00","1,860.00","1,790.00","54.21K","1.04%"
"30-04-2021","1,805.40","1,780.00","1,860.00","1,771.10","145.10K","-0.10%"
"29-04-2021","1,807.15","1,699.95","1,830.00","1,664.05","194.17K","6.58%"
"28-04-2021","1,695.65","1,554.00","1,769.00","1,554.00","411.12K","9.21%"
"27-04-2021","1,552.65","1,545.80","1,564.80","1,527.15","39.51K","2.10%"
"26-04-2021","1,520.65","1,511.80","1,539.00","1,509.25","18.73K","0.59%"
"23-04-2021","1,511.80","1,494.00","1,545.00","1,494.00","56.61K","0.31%"
"22-04-2021","1,507.10","1,479.95","1,525.00","1,469.30","126.17K","0.35%"
"20-04-2021","1,501.80","1,530.00","1,534.35","1,492.50","14.61K","2.03%"
"19-04-2021","1,471.95","1,500.00","1,500.35","1,452.90","21.35K","-2.92%"
"16-04-2021","1,516.20","1,519.60","1,562.75","1,508.85","94.72K","0.30%"
"15-04-2021","1,511.65","1,438.00","1,544.00","1,413.25","127.88K","4.86%"
"13-04-2021","1,441.65","1,460.00","1,499.80","1,420.00","16.69K","-0.90%"
"12-04-2021","1,454.70","1,505.00","1,543.45","1,450.00","41.96K","-4.11%"
"09-04-2021","1,517.00","1,488.95","1,530.00","1,445.00","112.25K","1.70%"
"08-04-2021","1,491.65","1,508.00","1,525.00","1,479.45","24.23K","0.16%"
"07-04-2021","1,489.30","1,430.00","1,504.85","1,427.75","45.23K","4.38%"
"06-04-2021","1,426.85","1,376.00","1,438.00","1,376.00","25.56K","3.60%"
"05-04-2021","1,377.30","1,389.60","1,424.50","1,358.45","14.93K","-0.39%"
"01-04-2021","1,382.70","1,374.10","1,390.00","1,353.10","9.97K","1.15%"
"31-03-2021","1,366.95","1,372.00","1,382.90","1,333.00","13.23K","0.11%"
"30-03-2021","1,365.50","1,352.95","1,380.05","1,341.10","17.39K","1.94%"
"26-03-2021","1,339.55","1,380.00","1,380.00","1,335.55","15.57K","-1.22%"
"25-03-2021","1,356.10","1,400.00","1,400.00","1,330.05","15.93K","-2.90%"
"24-03-2021","1,396.65","1,411.35","1,425.00","1,369.00","20.47K","-0.25%"
"23-03-2021","1,400.10","1,426.95","1,440.00","1,400.00","163.03K","0.73%"
"22-03-2021","1,389.95","1,320.00","1,408.00","1,295.15","99.35K","5.99%"
"19-03-2021","1,311.45","1,296.60","1,318.30","1,265.30","28.11K","1.36%"
"18-03-2021","1,293.90","1,328.00","1,328.00","1,285.30","49.67K","0.13%"
"17-03-2021","1,292.25","1,306.75","1,334.85","1,276.25","77.26K","-1.11%"
"16-03-2021","1,306.75","1,321.00","1,330.20","1,300.05","16.00K","-0.35%"
"15-03-2021","1,311.30","1,372.55","1,372.55","1,295.00","29.39K","-3.76%"
"12-03-2021","1,362.55","1,380.00","1,393.60","1,353.60","15.79K","-0.59%"
"10-03-2021","1,370.70","1,381.05","1,389.35","1,345.05","82.21K","0.00%"
"09-03-2021","1,370.65","1,409.60","1,417.15","1,365.65","15.46K","-1.87%"
"08-03-2021","1,396.80","1,415.55","1,426.75","1,370.00","38.57K","-0.90%"
"05-03-2021","1,409.55","1,450.00","1,450.00","1,391.00","28.70K","-1.06%"
"04-03-2021","1,424.60","1,410.60","1,449.80","1,403.55","34.31K","1.02%"
"03-03-2021","1,410.20","1,429.00","1,433.00","1,389.00","83.58K","-1.01%"
"02-03-2021","1,424.60","1,448.35","1,448.35","1,389.75","38.80K","-0.02%"
"01-03-2021","1,424.95","1,455.00","1,479.80","1,386.00","92.80K","-0.98%"
"26-02-2021","1,439.10","1,615.00","1,659.00","1,410.00","188.92K","-11.12%"
"25-02-2021","1,619.15","1,559.00","1,629.00","1,527.85","71.23K","5.32%"
"24-02-2021","1,537.35","1,537.00","1,544.90","1,505.20","25.15K","2.08%"
"23-02-2021","1,506.05","1,450.00","1,539.00","1,440.00","78.98K","5.00%"
"22-02-2021","1,434.30","1,435.00","1,485.00","1,425.00","33.94K","-0.28%"
"19-02-2021","1,438.30","1,430.00","1,490.00","1,421.65","70.79K","0.25%"
"18-02-2021","1,434.75","1,385.00","1,531.00","1,385.00","316.24K","4.73%"
"17-02-2021","1,370.00","1,330.00","1,398.00","1,330.00","172.35K","2.00%"
"16-02-2021","1,343.15","1,366.95","1,379.10","1,331.00","18.66K","-1.07%"
"15-02-2021","1,357.70","1,320.00","1,400.00","1,303.95","99.49K","4.72%"
"12-02-2021","1,296.55","1,286.00","1,308.10","1,286.00","22.31K","0.39%"
"11-02-2021","1,291.55","1,330.00","1,330.00","1,285.00","24.83K","-2.69%"
"10-02-2021","1,327.25","1,323.30","1,334.55","1,302.40","37.07K","0.55%"
"09-02-2021","1,319.95","1,319.00","1,326.00","1,295.15","121.14K","0.38%"
"08-02-2021","1,315.00","1,300.00","1,320.00","1,272.00","91.96K","2.65%"
"05-02-2021","1,281.00","1,300.00","1,307.00","1,269.65","29.96K","-0.10%"
"04-02-2021","1,282.30","1,307.00","1,307.00","1,273.05","35.48K","-0.37%"
"03-02-2021","1,287.00","1,277.95","1,311.25","1,251.15","66.72K","1.86%"
"02-02-2021","1,263.55","1,229.00","1,275.30","1,229.00","27.99K","3.15%"
"01-02-2021","1,225.00","1,200.00","1,250.00","1,200.00","32.92K","1.01%"
"29-01-2021","1,212.70","1,227.60","1,240.00","1,202.20","37.76K","-0.72%"
"28-01-2021","1,221.55","1,218.70","1,235.00","1,201.05","19.21K","0.73%"
"27-01-2021","1,212.75","1,200.00","1,226.35","1,200.00","17.81K","0.41%"
"25-01-2021","1,207.85","1,250.80","1,269.00","1,200.00","42.01K","-2.96%"
"22-01-2021","1,244.70","1,272.00","1,275.25","1,234.90","14.60K","-1.66%"
"21-01-2021","1,265.75","1,280.00","1,310.00","1,260.85","12.42K","-1.47%"
"20-01-2021","1,284.65","1,276.00","1,299.00","1,260.60","6.26K","1.17%"
"19-01-2021","1,269.75","1,250.00","1,299.00","1,249.95","16.34K","0.62%"
"18-01-2021","1,261.95","1,270.00","1,270.00","1,241.30","15.66K","-1.30%"
"15-01-2021","1,278.55","1,286.60","1,300.00","1,265.80","10.07K","-0.33%"
"14-01-2021","1,282.75","1,303.15","1,313.55","1,271.45","12.84K","-1.55%"
"13-01-2021","1,303.00","1,330.00","1,330.00","1,290.00","16.06K","-1.46%"
"12-01-2021","1,322.30","1,266.95","1,335.00","1,266.95","17.43K","3.20%"
"11-01-2021","1,281.30","1,312.60","1,331.85","1,276.00","46.68K","-1.24%"
"08-01-2021","1,297.40","1,299.50","1,331.85","1,291.00","11.37K","0.85%"
"07-01-2021","1,286.50","1,280.60","1,340.05","1,272.25","24.80K","1.63%"
"06-01-2021","1,265.90","1,299.20","1,311.60","1,253.00","49.56K","-2.56%"
"05-01-2021","1,299.20","1,340.00","1,340.00","1,270.00","18.64K","-1.71%"
"04-01-2021","1,321.75","1,316.60","1,364.80","1,316.15","16.77K","1.24%"
"01-01-2021","1,305.50","1,303.55","1,325.50","1,299.00","14.40K","0.99%"
"31-12-2020","1,292.65","1,300.00","1,318.00","1,275.00","12.58K","-0.96%"
"30-12-2020","1,305.15","1,313.60","1,340.00","1,295.90","10.76K","0.12%"
"29-12-2020","1,303.55","1,358.00","1,358.00","1,296.50","18.73K","-1.31%"
"28-12-2020","1,320.85","1,369.10","1,369.10","1,305.00","11.15K","-0.59%"
"24-12-2020","1,328.65","1,370.55","1,386.85","1,321.15","15.84K","-2.54%"
"23-12-2020","1,363.25","1,258.00","1,397.00","1,258.00","60.78K","9.07%"
"22-12-2020","1,249.90","1,245.00","1,299.70","1,215.50","37.33K","2.23%"
"21-12-2020","1,222.65","1,320.85","1,352.00","1,188.60","31.70K","-6.96%"
"18-12-2020","1,314.10","1,312.00","1,335.00","1,284.00","14.34K","-1.02%"
"17-12-2020","1,327.60","1,349.15","1,370.00","1,311.25","8.58K","-1.60%"
"16-12-2020","1,349.15","1,361.00","1,379.35","1,313.25","27.88K","-0.72%"
"15-12-2020","1,358.95","1,388.00","1,400.40","1,336.75","57.44K","-0.13%"
"14-12-2020","1,360.70","1,324.90","1,371.00","1,313.25","68.20K","3.84%"
"11-12-2020","1,310.35","1,256.00","1,325.00","1,233.40","53.74K","6.05%"
"10-12-2020","1,235.60","1,193.50","1,257.95","1,180.00","29.66K","3.53%"
"09-12-2020","1,193.50","1,230.00","1,230.20","1,165.50","37.75K","-1.95%"
"08-12-2020","1,217.25","1,275.00","1,275.00","1,205.00","32.23K","-2.98%"
"07-12-2020","1,254.70","1,265.00","1,299.00","1,231.10","27.20K","-0.48%"
"04-12-2020","1,260.80","1,308.00","1,340.00","1,232.90","29.14K","-1.11%"
"03-12-2020","1,274.95","1,211.40","1,370.00","1,211.40","124.91K","3.32%"
"02-12-2020","1,234.00","1,280.00","1,295.00","1,192.70","66.38K","-1.59%"
"01-12-2020","1,253.90","1,150.00","1,295.00","1,145.50","178.96K","10.02%"
"27-11-2020","1,139.75","1,085.00","1,179.85","1,067.00","120.14K","8.03%"
"26-11-2020","1,055.05","995.00","1,074.00","962.50","252.28K","7.55%"
"25-11-2020","980.95","977.40","991.35","972.00","55.47K","0.36%"
"24-11-2020","977.45","997.00","997.00","975.00","9.40K","-0.44%"
"23-11-2020","981.80","952.00","998.60","935.00","36.51K","2.10%"
"20-11-2020","961.65","962.75","976.85","955.00","19.02K","-1.45%"
"19-11-2020","975.75","1,005.90","1,015.95","957.15","48.33K","-2.61%"
"18-11-2020","1,001.85","1,020.00","1,048.95","940.25","132.70K","-0.70%"
"17-11-2020","1,008.95","987.00","1,011.05","972.40","95.37K","3.77%"
"13-11-2020","972.30","936.90","990.00","932.45","122.31K","3.53%"
"12-11-2020","939.15","950.00","950.00","937.25","19.18K","-0.48%"
"11-11-2020","943.70","905.00","974.45","904.95","88.01K","1.41%"
"10-11-2020","930.55","940.05","946.40","924.90","26.37K","-1.34%"
"09-11-2020","943.20","951.10","951.10","932.00","23.65K","0.67%"
"06-11-2020","936.95","950.00","950.00","927.20","11.32K","-0.47%"
"05-11-2020","941.40","940.00","950.00","926.95","7.74K","1.28%"
"04-11-2020","929.50","949.50","949.50","920.20","18.44K","-0.06%"
"03-11-2020","930.10","948.00","948.00","925.00","24.57K","-0.65%"
"02-11-2020","936.20","955.70","975.90","920.25","28.63K","-2.91%"
"30-10-2020","964.30","980.40","987.45","953.95","7.84K","-1.64%"
"29-10-2020","980.40","986.00","986.00","959.85","14.53K","-0.60%"
"28-10-2020","986.30","952.55","990.00","951.00","59.99K","2.53%"
"27-10-2020","961.95","963.00","967.00","936.05","43.19K","-0.10%"
"26-10-2020","962.90","985.00","985.00","956.25","16.44K","-1.88%"
"23-10-2020","981.35","964.05","998.00","964.05","42.65K","1.69%"
"22-10-2020","965.05","929.25","975.50","925.05","92.96K","3.89%"
"21-10-2020","928.90","942.00","962.45","928.00","38.65K","-1.14%"
"20-10-2020","939.65","946.55","950.00","920.25","55.32K","0.33%"
"19-10-2020","936.55","934.10","944.45","927.50","12.84K","-0.32%"
"16-10-2020","939.60","899.35","942.30","899.35","60.78K","4.48%"
"15-10-2020","899.35","952.00","952.00","895.85","33.95K","-3.18%"
"14-10-2020","928.90","922.50","934.65","917.25","7.17K","0.15%"
"13-10-2020","927.55","930.00","932.30","921.70","17.12K","-0.26%"
"12-10-2020","930.00","925.00","939.95","922.00","16.18K","-0.75%"
"09-10-2020","937.05","953.90","953.90","931.85","31.46K","-0.09%"
"08-10-2020","937.90","979.00","980.00","927.10","78.26K","-3.74%"
"07-10-2020","974.35","965.00","980.00","965.00","16.48K","-0.36%"
"06-10-2020","977.85","979.05","996.65","965.25","18.87K","1.08%"
"05-10-2020","967.40","1,000.00","1,020.00","960.00","48.46K","-0.45%"
"01-10-2020","971.80","947.50","995.00","920.05","157.89K","5.13%"
"30-09-2020","924.35","916.05","929.10","913.90","23.63K","0.63%"
"29-09-2020","918.60","949.00","949.00","912.00","20.56K","-0.50%"
"28-09-2020","923.25","942.30","948.95","911.00","11.80K","-1.65%"
"25-09-2020","938.75","961.95","961.95","930.00","15.87K","1.14%"
"24-09-2020","928.20","925.30","947.45","919.95","17.30K","-2.50%"
"23-09-2020","952.00","930.05","963.80","930.05","55.74K","1.42%"
"22-09-2020","938.70","923.00","965.00","895.15","66.23K","1.32%"
"21-09-2020","926.50","950.90","955.00","923.45","154.91K","-2.40%"
"18-09-2020","949.25","930.00","955.80","930.00","97.97K","0.06%"
"17-09-2020","948.65","960.10","960.10","937.65","54.80K","-0.88%"
"16-09-2020","957.10","959.40","970.00","945.00","16.15K","-0.22%"
"15-09-2020","959.20","937.10","961.70","937.10","25.80K","2.12%"
"14-09-2020","939.30","929.80","974.95","925.00","61.11K","1.68%"
"11-09-2020","923.75","922.00","926.20","908.10","37.57K","0.60%"
"10-09-2020","918.25","930.00","930.00","910.10","33.73K","0.50%"
"09-09-2020","913.65","914.70","921.95","892.05","93.60K","0.65%"
"08-09-2020","907.75","912.00","915.85","906.00","136.63K","-0.38%"
"07-09-2020","911.25","906.00","915.95","898.00","87.93K","0.65%"
"04-09-2020","905.35","902.20","921.25","902.20","49.96K","-1.51%"
"03-09-2020","919.25","905.00","929.00","901.00","43.20K","1.47%"
"02-09-2020","905.90","909.10","934.40","898.00","89.12K","-0.14%"
"01-09-2020","907.15","917.90","945.05","900.55","212.76K","-1.10%"
"31-08-2020","917.25","960.00","978.00","909.00","91.31K","-3.89%"
"28-08-2020","954.35","957.00","981.90","894.95","643.60K","-5.85%"
"27-08-2020","1,013.70","1,016.05","1,039.00","1,009.10","22.20K","-1.72%"
"26-08-2020","1,031.45","1,048.00","1,048.00","1,012.05","33.45K","1.10%"
"25-08-2020","1,020.20","1,050.00","1,060.00","999.50","64.91K","-2.57%"
"24-08-2020","1,047.15","1,058.80","1,066.50","1,031.50","49.85K","0.05%"
"21-08-2020","1,046.65","1,078.85","1,100.00","1,030.00","100.09K","-1.23%"
"20-08-2020","1,059.65","1,008.90","1,100.00","1,005.00","263.14K","6.02%"
"19-08-2020","999.50","937.00","1,000.00","931.05","228.71K","7.02%"
"18-08-2020","933.95","934.00","940.30","921.85","24.24K","1.08%"
"17-08-2020","924.00","915.00","930.00","910.50","41.66K","1.63%"
"14-08-2020","909.20","910.00","924.40","902.05","57.13K","0.53%"
"13-08-2020","904.45","906.95","909.05","897.50","205.20K","-0.33%"
"12-08-2020","907.45","968.80","968.80","888.00","137.41K","-3.94%"
"11-08-2020","944.65","939.00","958.80","915.15","79.62K","2.00%"
"10-08-2020","926.10","887.50","948.00","885.05","198.55K","5.08%"
"07-08-2020","881.30","874.95","886.85","867.75","92.15K","1.03%"
"06-08-2020","872.30","888.00","888.00","870.35","33.32K","0.26%"
"05-08-2020","870.05","891.00","893.30","866.20","333.20K","-1.78%"
"04-08-2020","885.85","891.05","902.40","878.10","29.31K","-0.33%"
"03-08-2020","888.75","909.90","909.90","875.75","219.97K","-0.90%"
"31-07-2020","896.85","883.00","902.45","883.00","108.56K","1.07%"
"30-07-2020","887.35","886.00","899.00","882.75","58.26K","-0.01%"
"29-07-2020","887.45","904.00","904.00","878.20","46.59K","0.44%"
"28-07-2020","883.60","876.95","889.25","871.00","99.26K","1.32%"
"27-07-2020","872.05","901.90","925.00","860.20","584.07K","-1.94%"
"24-07-2020","889.30","875.45","894.95","871.25","121.70K","0.91%"
"23-07-2020","881.30","876.50","887.05","870.00","239.36K","1.09%"
"22-07-2020","871.80","879.00","919.00","862.05","623.64K","0.40%"
"21-07-2020","868.30","861.95","869.00","861.30","140.72K","0.71%"
"20-07-2020","862.15","862.45","864.45","856.35","24.98K","0.32%"
"17-07-2020","859.40","856.00","862.75","845.20","103.53K","0.47%"
"16-07-2020","855.40","857.95","857.95","854.00","39.79K","0.04%"
"15-07-2020","855.05","850.00","858.00","847.05","58.83K","0.56%"
"14-07-2020","850.30","854.75","854.75","846.15","18.30K","0.03%"
"13-07-2020","850.05","854.00","855.00","847.25","49.53K","0.41%"
"10-07-2020","846.60","846.45","849.00","844.45","9.47K","0.29%"
"09-07-2020","844.15","844.20","848.50","840.05","116.81K","0.37%"
"08-07-2020","841.05","847.05","859.95","837.05","259.66K","-1.23%"
"07-07-2020","851.50","853.00","855.00","849.50","11.21K","0.21%"
"06-07-2020","849.75","845.00","869.90","843.10","40.51K","0.81%"
"03-07-2020","842.95","843.25","845.45","842.00","12.36K","0.33%"
"02-07-2020","840.20","844.90","844.95","839.20","21.18K","0.01%"
"01-07-2020","840.10","841.80","844.60","838.05","8.92K","-0.02%"
"30-06-2020","840.25","842.80","843.85","840.05","8.68K","-0.09%"
"29-06-2020","841.00","837.30","844.85","837.30","11.87K","0.12%"
"26-06-2020","840.00","846.95","846.95","838.00","43.95K","-0.20%"
"25-06-2020","841.65","841.00","846.75","841.00","11.85K","-0.03%"
"24-06-2020","841.90","844.85","847.30","840.25","7.20K","-0.09%"
"23-06-2020","842.65","841.50","845.95","838.00","17.54K","0.48%"
"22-06-2020","838.65","841.00","843.00","836.50","26.83K","0.26%"
"19-06-2020","836.50","836.20","844.00","835.05","32.68K","-0.14%"
"18-06-2020","837.70","842.85","843.00","836.35","16.36K","-0.02%"
"17-06-2020","837.90","840.50","844.00","836.50","8.71K","-0.17%"
"16-06-2020","839.35","837.55","848.90","837.55","3.52K","-0.02%"
"15-06-2020","839.50","835.05","842.60","835.05","17.28K","0.11%"
"12-06-2020","838.55","836.20","841.85","836.10","16.96K","-0.12%"
"11-06-2020","839.55","838.25","844.80","837.55","14.66K","0.17%"
"10-06-2020","838.15","841.00","841.00","836.15","22.77K","-0.13%"
"09-06-2020","839.25","837.60","839.95","837.50","19.98K","0.15%"
"08-06-2020","838.00","840.00","840.00","835.30","22.39K","0.20%"
"05-06-2020","836.30","837.20","839.90","835.10","38.88K","-0.01%"
"04-06-2020","836.40","840.00","842.35","835.15","38.23K","-0.10%"
"03-06-2020","837.20","831.50","839.90","831.50","18.59K","0.75%"
"02-06-2020","831.00","834.90","839.05","828.00","72.46K","0.85%"
"01-06-2020","824.00","817.20","857.65","817.20","29.65K","0.83%"
"29-05-2020","817.25","815.10","824.65","815.10","91.72K","-0.93%"
"28-05-2020","824.95","815.10","829.00","809.25","35.01K","-0.01%"
"27-05-2020","825.00","816.25","826.00","813.55","14.22K","1.08%"
"26-05-2020","816.20","816.80","822.00","811.10","2.44K","0.29%"
"22-05-2020","813.85","812.00","816.00","810.05","15.27K","0.15%"
"21-05-2020","812.65","818.05","820.00","811.75","3.06K","-0.54%"
"20-05-2020","817.10","818.95","820.05","814.25","4.88K","-0.21%"
"19-05-2020","818.80","829.95","829.95","805.50","7.92K","-0.14%"
"18-05-2020","819.95","832.95","832.95","815.50","9.14K","0.19%"
"15-05-2020","818.40","818.25","828.85","811.50","35.59K","0.16%"
"14-05-2020","817.10","808.00","833.35","805.65","8.98K","0.73%"
"13-05-2020","811.15","810.00","812.95","804.30","24.66K","0.63%"
"12-05-2020","806.05","806.00","809.00","801.55","22.24K","0.29%"
"11-05-2020","803.75","800.05","806.85","800.00","6.92K","0.70%"
"08-05-2020","798.15","794.95","806.00","793.60","16.35K","0.38%"
"07-05-2020","795.15","792.35","799.00","790.25","202.24K","-0.04%"
"06-05-2020","795.50","789.05","798.90","789.05","21.00K","0.10%"
"05-05-2020","794.70","790.95","798.00","790.95","33.02K","0.47%"
"04-05-2020","790.95","805.90","808.00","790.00","255.70K","-1.31%"
"30-04-2020","801.45","813.95","815.10","800.00","36.26K","-0.95%"
"29-04-2020","809.10","803.00","811.90","800.10","6.16K","0.43%"
"28-04-2020","805.65","806.80","807.00","801.10","10.42K","0.45%"
"27-04-2020","802.05","803.90","808.90","799.05","5.58K","-0.10%"
"24-04-2020","802.85","796.85","803.90","796.10","6.56K","0.35%"
"23-04-2020","800.05","792.05","803.90","792.05","18.61K","0.84%"
"22-04-2020","793.35","784.10","800.00","784.10","21.37K","0.67%"
"21-04-2020","788.05","803.95","803.95","786.05","74.48K","-0.64%"
"20-04-2020","793.10","793.00","807.90","790.00","30.48K","0.14%"
"17-04-2020","792.00","788.00","800.00","787.25","214.81K","0.51%"
"16-04-2020","788.00","791.50","798.90","786.00","76.61K","-0.64%"
"15-04-2020","793.10","800.00","804.90","791.10","29.17K","-0.81%"
"13-04-2020","799.60","800.00","805.00","790.05","25.05K","-0.05%"
"09-04-2020","800.00","807.00","807.00","790.05","14.65K","1.27%"
"08-04-2020","790.00","802.00","808.00","788.00","9.63K","-0.08%"
"07-04-2020","790.65","795.10","818.00","781.10","39.74K","0.08%"
"03-04-2020","790.00","798.80","817.00","781.10","141.80K","0.36%"
"01-04-2020","787.15","787.15","787.15","787.15","25.06K","5.00%"
"31-03-2020","749.70","749.70","749.70","749.70","15.93K","5.00%"